#,Name,Team,Year,Pos,App,GS,W,L,SV,CG,BF,IP,IP/G,BIP,H,H/9,R,ER,BB,BB/9,BB%,K,K/9,K%,K/BB,HR,HBP,LOB %,ERA,ERA-,FIP,FIP-,E-F,WHIP
0,"Scott
 Detweiler",ALT,Jr,P,18,0,4,2,1,0,159,34.33,0.58,97,32,8.39,24,21,17,4.46,10.69,37,9.70,23.27,2.18,1,7,58.61,5.50,92.23,4.90,82.02,0.60,1.43
1,"Aiden
 Joaquin",ALT,Fr,OF,12,7,1,4,0,0,215,43.67,0.74,136,54,11.13,34,27,27,5.56,12.56,38,7.83,17.67,1.41,5,9,67.47,5.56,93.24,6.80,113.87,-1.24,1.85
3,"Alex
 Rodriguez",ALT,Jr,P,13,4,0,3,0,0,152,29.33,0.50,85,39,11.97,35,33,18,5.52,11.84,35,10.74,23.03,1.94,6,8,53.00,10.13,169.87,7.51,125.79,2.62,1.94
7,"Victor
 Heredia",ALT,Fr,IF,4,0,0,1,0,0,15,3.00,0.05,10,5,15.00,1,1,1,3.00,6.67,3,9.00,20.00,3.00,0,1,85.71,3.00,50.31,4.57,76.65,-1.57,2.00
9,"Dominic
 Decker",ALT,Fr,IF,2,0,0,0,0,0,16,3.00,0.05,14,6,18.00,4,4,1,3.00,6.25,1,3.00,6.25,1.00,0,0,42.86,12.00,201.23,4.91,82.24,7.09,2.33
10,"Bryce
 Zupan",ALT,Jr,C,1,0,0,0,0,0,4,1.00,0.02,2,1,9.00,0,0,0,0.00,0.00,2,18.00,50.00,#NUM!,0,0,100.00,0.00,0.00,0.57,9.63,-0.57,1.00
11,"Jak
 Sinclair",ALT,Fr,OF,1,0,0,0,0,0,7,0.67,0.01,2,1,13.43,5,5,4,53.73,57.14,1,13.50,14.29,0.25,0,0,0.00,67.50,1131.91,19.50,326.74,48.00,7.46
14,"Charlie
 Hodges",ALT,So,P,9,7,1,1,0,0,160,32.00,0.54,83,30,8.44,27,22,27,7.59,16.88,39,10.97,24.38,1.44,4,7,63.36,6.19,103.80,6.95,116.45,-0.76,1.78
16,"Luigi
 Albano-Dito",ALT,Fr,P,10,5,0,2,0,0,160,29.33,0.50,102,47,14.42,35,27,25,7.67,15.63,26,7.98,16.25,1.04,4,3,57.64,8.28,138.85,7.44,124.64,0.84,2.45
17,"Bryer
 Arview",ALT,Fr,IF,1,0,0,0,0,0,6,1.00,0.02,5,3,27.00,1,1,0,0.00,0.00,1,9.00,16.67,#NUM!,0,0,66.67,9.00,150.92,2.57,43.14,6.43,3.00
21,"RJ
 LaRocco",ALT,Jr,OF,1,0,0,0,0,0,5,1.00,0.02,4,1,9.00,1,1,0,0.00,0.00,0,0.00,0.00,0.00,0,1,50.00,9.00,150.92,7.57,126.92,1.43,1.00
23,"Kyle
 Dixon",ALT,Jr,P,2,0,0,0,0,0,11,2.33,0.04,4,2,7.73,2,2,4,15.45,36.36,3,11.57,27.27,0.75,0,0,66.67,7.71,129.29,7.15,119.80,0.56,2.58
27,"Lucas
 Johns",ALT,Fr,P,13,1,0,1,0,0,118,21.00,0.36,64,29,12.43,26,21,23,9.86,19.49,24,10.29,20.34,1.04,3,4,57.92,9.00,150.92,8.00,134.10,1.00,2.48
28,"Nolan
 Wilson",ALT,So,P,4,2,1,0,0,0,77,17.33,0.29,46,14,7.27,12,12,8,4.15,10.39,16,8.31,20.78,2.00,3,4,64.22,6.23,104.47,7.06,118.23,-0.83,1.27
29,"A.J.
 Pabst",ALT,Sr,IF,4,0,0,2,1,0,29,5.67,0.10,20,5,7.94,8,3,6,9.52,20.69,2,3.18,6.90,0.33,0,1,33.33,4.76,79.82,7.57,126.89,-2.81,1.94
30,"Tyson
 Greene",ALT,So,IF,15,0,0,1,1,0,86,17.33,0.29,46,22,11.43,9,7,11,5.71,12.79,25,12.98,29.07,2.27,1,3,78.03,3.63,60.87,4.86,81.49,-1.23,1.90
31,"Erik
 Broekemeier",ALT,So,IF,3,0,0,0,0,0,34,4.00,0.07,21,11,24.75,13,9,6,13.50,17.65,4,9.00,11.76,0.67,1,2,34.09,20.25,339.57,11.82,198.14,8.43,4.25
37,"Luke
 Gasser",ALT,So,P,16,2,0,3,1,0,100,18.67,0.32,56,24,11.57,22,17,16,7.71,16.00,23,11.09,23.00,1.44,4,1,53.67,8.20,137.51,7.63,127.81,0.57,2.14
41,"Dimitri
 Ivetic",ALT,So,P,15,0,1,1,3,0,125,27.67,0.47,74,26,8.46,17,9,17,5.53,13.60,33,10.73,26.40,1.94,1,0,62.50,2.93,49.13,4.50,75.44,-1.57,1.55
42,"Eli
 Hoerner",ALT,Fr,OF,2,0,0,0,0,0,7,1.67,0.03,6,2,10.78,0,0,0,0.00,0.00,1,5.40,14.29,#NUM!,0,0,100.00,0.00,0.00,3.38,56.59,-3.38,1.20
46,"Jackson
 Parrill",ALT,Fr,P,13,5,3,4,1,0,146,29.33,0.50,83,31,9.51,31,22,24,7.36,16.44,32,9.82,21.92,1.33,5,2,52.00,6.75,113.19,7.27,121.79,-0.52,1.88
49,"J.T.
 Miller",ALT,So,P,11,5,0,2,0,0,126,25.00,0.42,63,23,8.28,33,30,24,8.64,19.05,27,9.72,21.43,1.12,5,7,44.68,10.80,181.11,8.73,146.36,2.07,1.88
73,"Kalen
 Reardon",ALT,So,P,4,1,0,1,0,0,25,4.00,0.07,17,5,11.25,7,7,7,15.75,28.00,0,0.00,0.00,0.00,0,1,46.15,15.75,264.11,10.57,177.19,5.18,3.00
76,"Adam
 Stilts",ALT,Jr,P,4,3,1,2,0,0,87,16.67,0.28,67,28,15.12,22,17,4,2.16,4.60,11,5.94,12.64,2.75,3,2,40.27,9.18,153.94,6.67,111.83,2.51,1.92
78,"Carson
 Richardson",ALT,Jr,P,4,0,0,0,0,0,21,4.67,0.08,12,5,9.64,5,5,2,3.85,9.52,4,7.71,19.05,2.00,1,2,52.63,9.64,161.65,8.21,137.65,1.43,1.50
79,"Jake
 Bockenstedt",ALT,Sr,P,3,3,1,2,0,0,46,8.00,0.14,22,15,16.88,17,5,6,6.75,13.04,15,16.88,32.61,2.50,3,0,23.81,5.63,94.41,7.95,133.21,-2.32,2.62
81,"Colin
 Hawkins",ALT,So,P,10,0,2,0,0,0,63,13.33,0.23,37,6,4.05,5,5,15,10.13,23.81,9,6.07,14.29,0.60,0,2,78.26,3.38,56.68,7.05,118.14,-3.67,1.58
82,"Kyle
 Athmer",ALT,So,P,6,6,3,1,0,0,130,30.67,0.52,71,22,6.46,14,14,15,4.40,11.54,38,11.15,29.23,2.53,4,2,74.85,4.11,68.92,5.46,91.41,-1.35,1.21
82,"Alex
 Renfrow",ALT,Fr,P,4,3,1,1,0,0,69,15.67,0.27,53,18,10.34,11,9,4,2.30,5.80,10,5.74,14.49,2.50,1,1,55.56,5.17,86.70,5.09,85.21,0.08,1.40
88,"Zach
 Olson",ALT,Fr,P,2,1,0,1,0,0,24,4.00,0.07,14,6,13.50,11,9,5,11.25,20.83,3,6.75,12.50,0.60,0,2,15.38,20.25,339.57,8.32,139.49,11.93,2.75
99,"Evan
 Gray",ALT,Jr,P,4,0,1,0,0,0,25,5.33,0.09,12,4,6.75,2,2,2,3.38,8.00,7,11.81,28.00,3.50,0,4,80.00,3.38,56.68,5.33,89.23,-1.95,1.13
2,"Kyle
 Looper",BRL,So,P,8,0,2,0,0,0,48,11.67,0.20,27,6,4.63,2,2,8,6.17,16.67,11,8.49,22.92,1.38,0,2,87.50,1.54,25.85,5.26,88.23,-3.72,1.20
7,"Connor
 Lyons",BRL,Fr,P,3,0,0,0,1,0,23,4.67,0.08,15,5,9.64,4,3,6,11.56,26.09,2,3.86,8.70,0.33,0,0,63.64,5.79,97.19,7.57,127.01,-1.78,2.36
9,"Boyd
 Skelley",BRL,Fr,P,3,0,0,0,0,0,29,6.00,0.11,18,7,10.50,7,7,3,4.50,10.34,5,7.50,17.24,1.67,2,1,48.78,10.50,176.24,9.24,155.00,1.26,1.67
22,"Ryan
 Donley",BRL,Fr,P,14,0,3,1,0,0,101,19.67,0.35,58,22,10.07,15,14,22,10.07,21.78,18,8.24,17.82,0.82,1,2,69.51,6.41,107.59,7.07,118.51,-0.66,2.24
23,"Jacob
 Zahner",BRL,Fr,P,9,9,0,2,0,0,181,31.33,0.55,116,53,15.23,45,37,26,7.47,14.36,20,5.74,11.05,0.77,6,13,56.22,10.63,178.43,9.52,159.71,1.11,2.52
25,"Zane
 Frese",BRL,RS Fr,P,2,0,0,0,0,0,16,1.33,0.02,12,7,47.37,11,8,2,13.53,12.50,0,0.00,0.00,0.00,0,2,0.00,54.00,906.40,13.60,228.06,40.40,6.77
26,"Adrian
 Nery",BRL,So,P,11,6,1,4,1,0,169,31.00,0.54,98,43,12.48,39,33,37,10.74,21.89,31,9.00,18.34,0.84,3,0,54.09,9.58,160.80,7.41,124.34,2.17,2.58
29,"David
 Theriot",BRL,RS Sr,P,7,0,1,0,1,0,58,11.00,0.19,44,21,17.18,11,7,4,3.27,6.90,7,5.73,12.07,1.75,2,1,64.66,5.73,96.18,7.03,117.90,-1.30,2.27
32,"Aiden
 McGee",BRL,So,P,8,8,2,3,0,0,174,34.00,0.60,113,46,12.18,35,31,25,6.62,14.37,30,7.94,17.24,1.20,2,4,55.40,8.21,137.81,6.13,102.87,2.08,2.09
33,"Jordan
 Martinez",BRL,Fr,P,7,0,0,0,1,0,45,9.00,0.16,28,11,11.00,8,6,4,4.00,8.89,10,10.00,22.22,2.50,2,1,60.61,6.00,100.71,6.91,115.86,-0.91,1.67
41,"Reece
 Wissinger",BRL,Fr,P,2,2,0,0,0,0,30,8.00,0.14,20,5,5.62,1,1,1,1.12,3.33,9,10.13,30.00,9.00,0,0,83.33,1.13,18.97,2.70,45.28,-1.57,0.75
44,"Colton
 Clarahan",BRL,Fr,P,3,3,0,2,0,0,61,12.67,0.22,41,11,7.81,10,6,9,6.39,14.75,9,6.39,14.75,1.00,0,2,54.55,4.26,71.50,5.76,96.58,-1.50,1.58
45,"Jared
 Townsend",BRL,So,P,5,4,1,2,0,0,85,18.00,0.32,42,12,6.00,17,17,22,11.00,25.88,19,9.50,22.35,0.86,2,0,54.49,8.50,142.67,7.57,127.04,0.93,1.89
46,"Preston
 Kaufman",BRL,So,P,14,0,0,0,0,0,93,19.00,0.33,68,20,9.47,15,14,10,4.74,10.75,11,5.21,11.83,1.10,1,3,56.96,6.63,111.29,6.15,103.21,0.48,1.58
50,"Zach
 Leuschen",BRL,Fr,P,12,0,1,0,0,0,104,20.67,0.36,80,26,11.32,18,17,12,5.22,11.54,9,3.92,8.65,0.75,2,1,58.01,7.40,124.21,6.85,114.86,0.55,1.84
51,"Matthew
 Dinae",BRL,RS Fr,P,5,0,2,1,0,0,40,10.00,0.18,17,3,2.70,4,2,10,9.00,25.00,11,9.90,27.50,1.10,0,2,73.33,1.80,30.21,5.97,100.21,-4.17,1.30
83,"Drew
 Martin",BRL,So,P,9,0,0,0,3,0,59,12.67,0.22,31,10,7.10,5,5,7,4.97,11.86,18,12.79,30.51,2.57,0,3,75.00,3.55,59.59,4.10,68.79,-0.55,1.34
84,"Jaden
 Siemer",BRL,So,P,14,0,3,2,0,0,119,25.33,0.44,76,24,8.53,19,17,18,6.40,15.13,19,6.75,15.97,1.06,4,2,65.10,6.04,101.38,7.50,125.73,-1.46,1.66
85,"Nick
 Tampa",BRL,So,P,13,0,0,1,0,0,90,16.67,0.29,45,19,10.26,16,14,19,10.26,21.11,22,11.88,24.44,1.16,1,3,63.13,7.56,126.90,6.67,111.94,0.89,2.28
88,"Jeremy
 Fox",BRL,Fr,P,8,8,3,3,0,0,163,32.00,0.56,100,42,11.81,35,27,25,7.03,15.34,28,7.88,17.18,1.12,2,8,55.40,7.59,127.40,6.73,112.89,0.86,2.09
91,"Chase
 Golden",BRL,Fr,P,13,1,1,2,0,0,88,16.67,0.29,37,15,8.10,16,9,21,11.34,23.86,27,14.58,30.68,1.29,0,3,58.97,4.86,81.58,5.65,94.84,-0.79,2.16
93,"Cauy
 Massner",BRL,Jr,P,5,5,0,4,0,0,113,20.00,0.35,83,41,18.45,31,26,12,5.40,10.62,15,6.75,13.27,1.25,3,0,45.08,11.70,196.39,6.82,114.47,4.88,2.65
94,"Rem
 Maxwell",BRL,Fr,P,8,8,1,4,0,0,160,31.33,0.55,94,44,12.64,33,31,21,6.03,13.13,34,9.77,21.25,1.62,4,7,58.73,8.90,149.39,6.75,113.13,2.15,2.07
99,"Jake
 Jakubowski",BRL,So,P,12,0,2,0,5,0,55,13.67,0.24,33,6,3.95,3,0,5,3.29,9.09,15,9.88,27.27,3.00,0,2,76.92,0.00,0.00,3.92,65.69,-3.92,0.80
4,"Luke
 Myers",CCY,So,P,11,4,1,2,2,0,153,34.00,0.59,98,33,8.74,24,22,14,3.71,9.15,32,8.47,20.92,2.29,4,5,60.34,5.82,82.46,5.90,83.50,-0.08,1.38
5,"Nate
 Manley",CCY,Fr,C,1,0,0,0,0,0,17,2.00,0.04,15,10,45.00,6,6,1,4.50,5.88,1,4.50,5.88,1.00,0,0,45.45,27.00,382.54,5.07,71.84,21.93,5.50
6,"Noah
 Curi",CCY,Fr,P,12,4,4,2,0,0,196,42.67,0.74,111,36,7.59,23,18,27,5.69,13.78,46,9.70,23.47,1.70,2,10,71.23,3.80,53.84,5.63,79.69,-1.83,1.48
10,"Evan
 Lorey",CCY,Sr,P,7,0,1,0,0,0,60,12.67,0.22,34,13,9.23,8,8,9,6.39,15.00,11,7.82,18.33,1.22,2,4,77.59,5.68,80.47,7.97,112.81,-2.29,1.74
13,"Jake
 Woolf",CCY,So,P,17,4,0,5,0,0,199,37.67,0.65,131,45,10.75,33,24,32,7.65,16.08,24,5.73,12.06,0.75,1,11,63.51,5.73,81.18,7.07,100.09,-1.34,2.04
15,"Connor
 Huzicka",CCY,So,IF,1,0,0,0,0,0,7,1.00,0.02,7,4,36.00,3,3,0,0.00,0.00,0,0.00,0.00,0.00,0,0,25.00,27.00,382.54,4.57,64.76,22.43,4.00
16,"Ben
 Zink",CCY,Fr,OF,12,5,3,2,1,1,170,37.00,0.64,112,38,9.24,31,25,21,5.11,12.35,23,5.59,13.53,1.10,7,7,62.28,6.08,86.14,8.06,114.12,-1.98,1.59
17,"Andrew
 DeWitt",CCY,So,P,15,5,3,1,1,0,208,39.00,0.67,147,64,14.77,42,38,30,6.92,14.42,26,6.00,12.50,0.87,3,2,58.82,8.77,124.25,6.70,94.89,2.07,2.41
18,"Kyle
 Kesel",CCY,Fr,P,14,6,0,4,0,0,180,37.33,0.64,103,34,8.20,32,27,31,7.47,17.22,37,8.92,20.56,1.19,5,4,59.68,6.51,92.23,7.15,101.17,-0.64,1.74
19,"Luke
 Swanger",CCY,Jr,P,3,0,0,0,0,0,29,5.33,0.09,18,10,16.89,6,4,5,8.44,17.24,4,6.75,13.79,0.80,2,0,73.77,6.75,95.63,10.77,152.42,-4.02,2.81
22,"Charlie
 Schafer",CCY,Fr,P,2,2,2,0,0,0,51,12.00,0.21,28,10,7.50,3,3,4,3.00,7.84,15,11.25,29.41,3.75,2,2,98.48,2.25,31.88,5.74,81.28,-3.49,1.17
24,"Garrett
 Peters",CCY,Jr,P,1,0,1,0,0,0,10,2.00,0.04,6,3,13.50,0,0,1,4.50,10.00,3,13.50,30.00,3.00,0,0,100.00,0.00,0.00,3.07,43.53,-3.07,2.00
25,"Zach
 Cabell",CCY,So,P,11,10,5,4,1,0,226,48.00,0.83,158,61,11.44,32,28,25,4.69,11.06,36,6.75,15.93,1.44,3,4,67.60,5.25,74.38,5.70,80.69,-0.45,1.79
28,"Hilario
 DeLaPaz III",CCY,Jr,IF,1,0,0,0,0,0,1,0.33,0.01,1,0,0.00,0,0,0,0.00,0.00,0,0.00,0.00,0.00,0,0,#DIV/0!,0.00,0.00,4.57,64.76,-4.57,0.00
31,"Ethan
 Conley",CCY,So,P,1,1,1,0,0,0,29,6.67,0.12,20,5,6.75,4,3,4,5.40,13.79,4,5.40,13.79,1.00,1,0,65.79,4.05,57.38,7.12,100.85,-3.07,1.35
33,"Gabe
 Phipps",CCY,So,P,14,11,1,2,0,0,274,58.00,1.00,190,69,10.71,45,41,33,5.12,12.04,41,6.36,14.96,1.24,6,4,62.50,6.36,90.11,6.42,90.88,-0.06,1.76
37,"Cole
 Agemy",CCY,Jr,P,17,0,2,2,5,0,91,21.00,0.36,57,22,9.43,10,9,6,2.57,6.59,25,10.71,27.47,4.17,1,2,69.93,3.86,54.69,3.96,56.00,-0.10,1.33
39,"Lucas
 Day",CCY,Fr,IF,1,0,0,0,0,0,6,1.00,0.02,3,1,9.00,0,0,2,18.00,33.33,1,9.00,16.67,0.50,0,0,100.00,0.00,0.00,8.57,121.39,-8.57,3.00
40,"Michael
 Moore",CCY,Jr,P,10,0,1,0,1,0,68,17.67,0.30,29,9,4.58,3,3,6,3.06,8.82,32,16.30,47.06,5.33,1,0,88.24,1.53,21.68,2.71,38.33,-1.18,0.85
99,"Gercal
 Reyes",CCY,So,P,7,6,2,4,0,0,122,24.67,0.43,78,29,10.58,21,16,20,7.30,16.39,21,7.66,17.21,1.05,0,3,59.62,5.84,82.74,5.67,80.26,0.17,1.99
99,"Daewin
 Spence",CCY,Fr,P,10,0,2,0,0,0,71,12.33,0.21,39,16,11.68,19,10,11,8.03,15.49,14,10.22,19.72,1.27,1,6,44.30,7.30,103.43,7.49,106.10,-0.19,2.19
99,"Johnathon
 Ray",CCY,Fr,P,6,0,0,1,0,0,52,8.00,0.14,23,11,12.38,15,13,14,15.75,26.92,12,13.50,23.08,0.86,0,3,46.43,14.63,207.28,7.95,112.54,6.68,3.12
99,"Cam
 Gilkerson",CCY,Fr,IF,5,0,0,0,0,0,43,7.67,0.13,22,11,12.91,12,11,8,9.39,18.60,12,14.09,27.91,1.50,1,0,39.77,12.91,182.91,6.27,88.76,6.64,2.48
99,"Carson
 Womer",CCY,So,IF,3,0,0,0,0,0,19,3.33,0.06,10,6,16.22,5,4,3,8.11,15.79,4,10.80,21.05,1.33,1,1,58.14,10.80,153.01,9.68,137.04,1.12,2.70
99,"Colin
 Ames",CCY,Fr,P,2,0,0,0,0,0,10,1.00,0.02,6,3,27.00,6,6,4,36.00,40.00,0,0.00,0.00,0.00,0,0,14.29,54.00,765.07,16.57,234.65,37.43,7.00
1,"Curry
 Sutherland",CGR,Fr,IF,16,2,2,2,0,0,131,29.67,0.52,56,18,5.46,14,13,23,6.98,17.56,46,13.96,35.11,2.00,2,4,73.46,3.94,77.27,5.08,99.56,-1.14,1.38
7,"Dylan
 Peck",CGR,Fr,P,10,8,6,0,0,0,202,45.67,0.80,150,51,10.05,22,19,14,2.76,6.93,26,5.12,12.87,1.86,6,6,78.27,3.74,73.35,6.46,126.55,-2.72,1.42
8,"Noah
 Gadberry",CGR,Fr,P,17,6,4,2,0,0,179,42.00,0.74,120,37,7.93,20,15,16,3.43,8.94,38,8.14,21.23,2.38,2,3,67.67,3.21,62.96,4.74,92.92,-1.53,1.26
9,"Kam
 Dohogne",CGR,So,P,15,0,2,0,0,0,143,30.33,0.53,113,49,14.54,22,19,6,1.78,4.20,20,5.93,13.99,3.33,2,2,64.58,5.64,110.61,4.90,96.11,0.74,1.81
11,"Bryce
 Morgan",CGR,Fr,P,12,4,0,1,0,0,132,26.67,0.47,74,29,9.79,23,21,17,5.74,12.88,28,9.45,21.21,1.65,4,9,64.78,7.09,139.05,7.35,144.03,-0.26,1.72
12,"Jorge
 Romero",CGR,So,P,10,7,5,2,0,0,187,45.00,0.79,128,40,8.00,11,7,12,2.40,6.42,41,8.20,21.93,3.42,1,5,82.73,1.40,27.46,4.17,81.81,-2.77,1.16
13,"Caden
 Bogenpohl",CGR,Fr,OF,12,6,2,1,0,0,130,29.33,0.51,65,20,6.14,12,11,20,6.14,15.38,38,11.66,29.23,1.90,0,7,74.47,3.38,66.29,4.75,92.99,-1.37,1.36
16,"Camron
 Lewis",CGR,Sr,P,18,0,2,1,3,0,97,19.33,0.34,52,20,9.31,17,13,18,8.38,18.56,20,9.31,20.62,1.11,2,5,64.68,6.05,118.65,7.42,145.41,-1.37,1.97
17,"Kolten
 Poorman",CGR,Jr,IF,4,0,0,0,0,0,26,6.33,0.11,17,4,5.69,3,2,0,0.00,0.00,7,9.95,26.92,#NUM!,1,1,55.56,2.84,55.70,4.89,95.84,-2.05,0.63
20,"Alex
 Esker",CGR,So,P,9,4,0,0,0,0,77,17.33,0.30,37,8,4.15,8,7,19,9.87,24.68,21,10.90,27.27,1.11,0,0,70.37,3.63,71.19,5.44,106.61,-1.81,1.56
21,"Kole
 Turner",CGR,So,P,7,0,1,0,0,0,44,10.33,0.18,23,5,4.36,1,1,7,6.10,15.91,14,12.19,31.82,2.00,0,0,91.67,0.87,17.06,3.90,76.37,-3.03,1.16
25,"Devyn
 Terbrak",CGR,Sr,P,2,1,2,0,0,0,32,7.67,0.13,21,8,9.39,3,3,2,2.35,6.25,9,10.57,28.13,4.50,0,0,70.00,3.52,69.04,3.01,58.99,0.51,1.30
26,"Jeff
 Clarke",CGR,Jr,OF,1,0,0,0,0,0,4,1.00,0.02,3,0,0.00,0,0,0,0.00,0.00,1,9.00,25.00,#NUM!,0,0,#DIV/0!,0.00,0.00,2.57,50.46,-2.57,0.00
29,"Kaden
 Jeffries",CGR,Fr,IF,1,0,0,0,0,0,8,2.00,0.04,6,0,0.00,1,1,2,9.00,25.00,0,0.00,0.00,0.00,0,0,50.00,4.50,88.26,7.57,148.44,-3.07,1.00
30,"Eddie
 White",CGR,Fr,P,5,2,2,0,1,0,56,15.33,0.27,38,8,4.70,2,2,1,0.59,1.79,15,8.80,26.79,15.00,1,1,93.02,1.17,22.95,3.86,75.59,-2.69,0.59
31,"Dante
 Zamudio",CGR,So,IF,12,4,1,2,0,0,150,32.67,0.57,95,32,8.82,24,16,14,3.86,9.33,35,9.64,23.33,2.50,3,3,55.80,4.41,86.49,5.19,101.65,-0.78,1.41
32,"Raymond
 Ochoa",CGR,So,P,14,4,4,1,1,0,159,39.67,0.70,92,26,5.90,9,8,18,4.08,11.32,47,10.66,29.56,2.61,1,1,82.57,1.82,35.69,3.97,77.80,-2.15,1.11
33,"Jordan
 Riley",CGR,Fr,P,19,1,3,1,3,0,123,29.33,0.51,73,26,7.98,11,11,7,2.15,5.69,39,11.97,31.71,5.57,2,2,74.53,3.38,66.29,3.72,72.95,-0.34,1.13
34,"Breven
 Yarbro",CGR,Jr,P,11,4,1,4,0,0,119,25.00,0.44,67,27,9.72,20,20,15,5.40,12.61,31,11.16,26.05,2.07,2,4,60.19,7.20,141.21,5.41,106.11,1.79,1.68
38,"Cameron
 Marchi",CGR,Fr,P,5,0,0,0,0,0,36,8.00,0.14,23,6,6.75,2,2,5,5.62,13.89,6,6.75,16.67,1.20,1,1,94.34,2.25,44.13,6.95,136.19,-4.70,1.38
95,"Marshall
 Brown",CGR,So,P,5,4,2,0,0,0,79,16.67,0.29,49,20,10.80,15,13,8,4.32,10.13,17,9.18,21.52,2.12,4,1,59.83,7.02,137.68,7.27,142.55,-0.25,1.68
3,"Colin
 Bryant",CHI,Jr,P,9,7,3,2,0,1,192,42.33,0.74,132,47,9.99,23,20,18,3.83,9.38,35,7.44,18.23,1.94,2,5,69.94,4.25,75.39,5.17,91.55,-0.92,1.54
5,"Tyler
 Mendez",CHI,Fr,P,13,2,2,0,1,0,142,30.00,0.53,99,37,11.10,21,20,12,3.60,8.45,21,6.30,14.79,1.75,4,6,68.83,6.00,106.43,6.71,118.90,-0.71,1.63
6,"Mikey
 Olivieri",CHI,Fr,P,11,0,3,0,2,0,91,21.33,0.37,64,17,7.17,10,9,11,4.64,12.09,12,5.06,13.19,1.09,3,1,76.61,3.80,67.41,6.97,123.46,-3.17,1.31
9,"Bryson
 Brown",CHI,Fr,P,15,0,5,0,0,0,118,25.33,0.44,82,26,9.24,20,19,17,6.04,14.41,13,4.62,11.02,0.76,2,4,61.09,6.75,119.73,7.06,125.17,-0.31,1.70
10,"Victor
 Figueroa",CHI,Fr,IF,1,0,0,0,0,0,10,2.00,0.03,7,3,13.50,0,0,0,0.00,0.00,2,9.00,20.00,#NUM!,0,1,100.00,0.00,0.00,4.07,72.22,-4.07,1.50
13,"Nate
 Ginsburg",CHI,Fr,P,5,4,0,2,0,0,70,13.67,0.24,49,17,11.19,12,11,12,7.90,17.14,5,3.29,7.14,0.42,1,3,65.36,7.24,128.43,8.09,143.32,-0.85,2.12
14,"AJ
 Clegg",CHI,Redshirt So,P,12,0,1,3,0,0,76,14.00,0.25,35,15,9.64,13,12,21,13.50,27.63,16,10.29,21.05,0.76,2,2,71.02,7.71,136.76,9.07,160.85,-1.36,2.57
15,"Dylan
 Dudones",CHI,Redshirt Fr,P,7,7,3,0,0,0,135,30.00,0.53,83,28,8.40,18,16,17,5.10,12.59,29,8.70,21.48,1.71,3,3,68.49,4.80,85.14,5.94,105.31,-1.14,1.50
17,"Sammy
 Stoner",CHI,So,OF,6,0,0,0,0,0,33,8.00,0.14,22,5,5.62,4,4,4,4.50,12.12,7,7.88,21.21,1.75,0,0,55.56,4.50,79.82,4.32,76.65,0.18,1.12
18,"Todd
 Bangtson",CHI,Redshirt Sr,P,2,0,0,0,1,0,12,3.67,0.06,9,1,2.45,0,0,1,2.45,8.33,2,4.91,16.67,2.00,0,0,100.00,0.00,0.00,4.30,76.26,-4.30,0.54
19,"Cole
 Pauley",CHI,Fr,P,17,0,1,0,7,0,80,19.33,0.34,34,9,4.19,6,6,12,5.59,15.00,30,13.97,37.50,2.50,0,4,76.00,2.79,49.49,3.95,70.08,-1.16,1.09
23,"Jackson
 Bergman",CHI,Fr,P,15,0,1,2,2,0,112,22.33,0.39,65,20,8.06,20,13,23,9.27,20.54,18,7.25,16.07,0.78,2,4,61.09,5.24,92.95,7.75,137.44,-2.51,1.93
28,"Max
 Whitesell",CHI,So,P,2,2,2,0,0,0,50,11.33,0.20,33,8,6.35,7,7,8,6.35,16.00,8,6.35,16.00,1.00,1,0,61.64,5.56,98.62,6.43,113.94,-0.87,1.41
31,"Luke
 Walter",CHI,Fr,P,10,10,5,2,0,0,212,48.67,0.85,133,32,5.92,22,19,39,7.21,18.40,32,5.92,15.09,0.82,3,5,75.21,3.51,62.26,6.77,120.05,-3.26,1.46
32,"Caden
 Kline",CHI,Redshirt Jr,P,8,0,0,0,0,0,57,9.67,0.17,29,12,11.17,15,11,14,13.03,24.56,10,9.31,17.54,0.71,0,4,50.00,10.24,181.64,8.09,143.41,2.15,2.69
34,"Nick
 Falter",CHI,So,P,11,10,4,2,0,1,238,55.00,0.96,154,52,8.51,24,22,15,2.45,6.30,56,9.16,23.53,3.73,3,10,72.80,3.60,63.86,4.61,81.73,-1.01,1.22
36,"Will
 Rettig",CHI,Fr,P,10,10,5,3,0,0,248,54.00,0.95,182,67,11.17,36,34,21,3.50,8.47,36,6.00,14.52,1.71,6,3,66.59,5.67,100.58,6.02,106.69,-0.35,1.63
40,"Scotty
 Adelman",CHI,So,P,7,0,2,0,0,0,39,8.67,0.15,25,9,9.34,3,3,4,4.15,10.26,7,7.27,17.95,1.75,0,3,81.25,3.12,55.34,5.38,95.40,-2.26,1.50
41,"Jared
 Adams",CHI,Redshirt Jr,P,10,6,3,0,0,0,149,32.00,0.56,96,32,9.00,27,20,21,5.91,14.09,23,6.47,15.44,1.10,5,4,60.00,5.63,99.87,7.51,133.15,-1.88,1.66
84,"Landen
 Vance",CHI,Fr,P,9,0,1,0,0,0,82,16.33,0.29,55,25,13.78,14,14,12,6.61,14.63,10,5.51,12.20,0.83,2,3,69.89,7.71,136.76,7.70,136.44,0.01,2.27
87,"Nate
 Ryhlick",CHI,So,LHP,3,0,0,0,0,0,16,2.00,0.03,7,2,9.00,2,2,7,31.50,43.75,1,4.50,6.25,0.14,0,1,80.00,9.00,159.64,15.57,276.06,-6.57,4.50
99,"Chad
 Rogers",CHI,Jr,P,7,0,0,1,2,0,48,9.67,0.17,26,16,14.89,5,4,6,5.58,12.50,16,14.90,33.33,2.67,0,0,77.27,3.72,65.99,3.13,55.42,0.59,2.28
99,"Cameron
 Macon",CHI,Jr,IF,1,0,0,0,0,0,4,1.00,0.02,2,0,0.00,0,0,2,18.00,50.00,0,0.00,0.00,0.00,0,0,100.00,0.00,0.00,10.57,187.43,-10.57,2.00
3,"Evan
 Chung",CLN,Fr,P,11,0,0,0,1,0,85,16.33,0.28,65,28,15.43,26,21,4,2.20,4.71,10,5.51,11.76,2.50,2,4,30.12,11.57,203.18,6.41,112.51,5.16,1.96
9,"Owen
 Brauch",CLN,Jr,P,3,3,0,0,0,0,58,14.00,0.24,41,11,7.07,5,5,3,1.93,5.17,11,7.07,18.97,3.67,1,2,75.34,3.21,56.37,5.00,87.79,-1.79,1.00
12,"Jack
 Turgasen",CLN,Fr,P,3,1,2,0,0,0,44,12.00,0.21,29,6,4.50,3,2,1,0.75,2.27,12,9.00,27.27,12.00,1,1,75.76,1.50,26.34,4.16,72.96,-2.66,0.58
13,"Logan
 Romasanta",CLN,So,P,14,0,3,1,2,0,83,18.00,0.31,55,13,6.50,10,8,11,5.50,13.25,13,6.50,15.66,1.18,0,4,64.29,4.00,70.24,5.63,98.79,-1.63,1.33
14,"Drew
 Proskovec",CLN,Fr,P,8,1,0,0,0,0,66,14.67,0.25,42,17,10.43,9,9,7,4.29,10.61,14,8.59,21.21,2.00,3,0,75.76,5.52,96.93,6.76,118.55,-1.24,1.64
15,"Evan
 Bender",CLN,Fr,P,1,0,0,0,0,0,9,1.33,0.02,5,2,13.53,2,2,2,13.53,22.22,1,6.75,11.11,0.50,0,1,60.00,13.50,237.07,9.84,172.63,3.66,3.01
16,"Jack
 Young",CLN,Jr,P,10,0,1,0,0,0,67,14.67,0.25,42,14,8.59,6,6,8,4.91,11.94,15,9.20,22.39,1.88,0,2,75.00,3.68,64.62,4.57,80.27,-0.89,1.50
18,"Brock
 Reade",CLN,So,P,5,4,1,1,0,0,65,12.33,0.21,48,15,10.95,15,10,10,7.30,15.38,4,2.92,6.15,0.40,0,3,46.43,7.30,128.19,7.09,124.39,0.21,2.03
19,"Jackson
 Bruno",CLN,Fr,OF,2,0,0,0,0,0,8,2.00,0.04,6,2,9.00,0,0,1,4.50,12.50,1,4.50,12.50,1.00,0,0,100.00,0.00,0.00,5.07,89.05,-5.07,1.50
20,"Sam
 Lavin",CLN,Jr,P,9,9,3,1,0,0,141,32.33,0.56,73,28,7.79,16,15,17,4.73,12.06,46,12.80,32.62,2.71,3,2,72.43,4.18,73.40,4.70,82.44,-0.52,1.39
21,"Drew
 Dykstra",CLN,Fr,P,12,1,1,3,1,0,91,20.67,0.36,66,19,8.27,14,13,12,5.22,13.19,10,4.35,10.99,0.83,1,2,60.13,5.66,99.39,6.27,109.98,-0.61,1.50
24,"Jimmy
 Burke",CLN,So,P,8,8,2,2,0,0,163,37.33,0.64,114,34,8.20,21,15,16,3.86,9.82,30,7.23,18.40,1.88,1,2,61.26,3.62,63.57,4.76,83.56,-1.14,1.34
25,"Lucas
 Foley",CLN,Fr,P,3,0,1,0,0,0,23,5.00,0.09,15,5,9.00,3,3,4,7.20,17.39,4,7.20,17.39,1.00,0,0,66.67,5.40,94.83,5.37,94.31,0.03,1.80
26,"Lorenz
 Elion",CLN,So,P,3,0,0,0,0,0,23,5.33,0.09,15,2,3.38,2,2,3,5.07,13.04,3,5.06,13.04,1.00,0,2,71.43,3.38,59.35,6.26,109.90,-2.88,0.94
27,"Johnny
 Czeslawski",CLN,Sr,P,5,0,1,0,0,0,37,6.33,0.11,17,5,7.11,11,10,11,15.64,29.73,6,8.53,16.22,0.55,0,3,42.11,14.21,249.54,9.31,163.43,4.90,2.53
29,"Zach
 Sabers",CLN,So,P,4,0,0,0,0,0,24,4.00,0.07,12,3,6.75,3,3,6,13.50,25.00,3,6.75,12.50,0.50,0,3,75.00,6.75,118.53,9.82,172.39,-3.07,2.25
31,"Cade
 Turner",CLN,So,P,12,0,1,1,0,0,80,16.67,0.29,43,10,5.40,6,5,13,7.02,16.25,19,10.26,23.75,1.46,0,5,78.57,2.70,47.41,5.53,97.11,-2.83,1.38
32,"Sebastian
 Parchomenko",CLN,Fr,P,9,1,1,1,0,0,66,13.33,0.23,44,18,12.15,13,13,10,6.75,15.15,12,8.10,18.18,1.20,0,0,53.57,8.78,154.18,5.02,88.17,3.76,2.10
35,"Mason
 Behn",CLN,Fr,P,4,4,2,2,0,0,70,15.33,0.26,46,18,10.57,11,11,6,3.52,8.57,12,7.04,17.14,2.00,3,3,70.18,6.46,113.44,7.31,128.35,-0.85,1.57
36,"Coby
 Greiner",CLN,Sr,P,9,0,1,0,0,0,59,15.67,0.27,32,8,4.59,3,3,5,2.87,8.47,20,11.49,33.90,4.00,1,1,87.30,1.72,30.20,4.00,70.19,-2.28,0.83
46,"Drew
 Duckhorn",CLN,So,P,7,0,1,0,1,0,55,10.33,0.18,25,9,7.84,10,10,15,13.07,27.27,13,11.32,23.64,0.87,1,1,63.56,8.71,152.95,7.96,139.73,0.75,2.32
50,"Tyler
 Stern",CLN,Jr,P,7,3,0,3,1,0,86,17.67,0.30,43,14,7.13,16,13,16,8.15,18.60,22,11.21,25.58,1.38,1,4,55.21,6.62,116.25,6.22,109.07,0.40,1.70
71,"Jai
 Jensen",CLN,,P,8,1,1,1,0,0,83,16.00,0.28,55,23,12.94,19,18,10,5.62,12.05,13,7.31,15.66,1.30,1,4,50.56,10.13,177.89,6.39,112.08,3.74,2.06
99,"Graysen
 Drezek",CLN,So,P,5,5,3,1,0,0,93,24.00,0.41,66,22,8.25,5,5,3,1.12,3.23,23,8.63,24.73,7.67,0,1,80.77,1.88,33.01,3.16,55.41,-1.28,1.04
99,"Matt
 Irvine",CLN,So,P,6,5,1,2,0,0,107,24.00,0.41,70,23,8.62,17,15,12,4.50,11.21,21,7.88,19.63,1.75,2,2,58.48,5.63,98.87,5.66,99.28,-0.03,1.46
99,"Carson
 Lydon",CLN,,P,7,3,1,1,0,0,80,17.00,0.29,51,13,6.88,6,3,17,9.00,21.25,12,6.35,15.00,0.71,0,0,80.00,1.59,27.92,6.16,108.14,-4.57,1.76
99,"Brady
 Schiesl",CLN,,IF,4,4,1,1,0,0,81,16.00,0.28,57,22,12.38,12,10,6,3.38,7.41,9,5.06,11.11,1.50,2,7,71.43,5.63,98.87,7.51,131.82,-1.88,1.75
99,"Ben
 DeTaeye",CLN,Jr,P,7,0,0,0,0,0,55,14.33,0.25,30,4,2.51,0,0,8,5.02,14.55,15,9.42,27.27,1.88,0,2,100.00,0.00,0.00,4.57,80.27,-4.57,0.84
99,"Kieran
 Baliey",CLN,,P,8,0,0,0,0,0,53,12.33,0.21,29,6,4.38,3,2,11,8.03,20.75,11,8.03,20.75,1.00,0,2,84.21,1.46,25.64,5.95,104.47,-4.49,1.38
99,"Logan
 Schmitt",CLN,,P,5,3,1,1,0,0,64,11.33,0.20,34,12,9.53,14,13,15,11.92,23.44,11,8.74,17.19,0.73,1,3,55.94,10.32,181.23,8.55,149.97,1.77,2.38
99,"Turner
 Doran",CLN,,P,6,0,2,1,0,0,43,10.33,0.18,24,10,8.71,5,2,4,3.48,9.30,14,12.19,32.56,3.50,1,0,71.43,1.74,30.56,4.28,75.18,-2.54,1.36
99,"Nick
 Scanlon",CLN,,P,8,0,1,1,3,0,54,10.00,0.17,36,14,12.60,11,7,8,7.20,14.81,6,5.40,11.11,0.75,0,4,57.69,6.30,110.63,6.97,122.39,-0.67,2.20
99,"Nile
 Foss",CLN,Sr,P,5,2,0,0,0,0,37,9.00,0.16,21,5,5.00,2,2,3,3.00,8.11,11,11.00,29.73,3.67,1,1,92.11,2.00,35.12,4.91,86.12,-2.91,0.89
99,"Jared
 Simpson",CLN,Sr,P,4,0,1,1,0,0,33,7.00,0.12,14,5,6.43,4,1,6,7.71,18.18,12,15.43,36.36,2.00,0,1,66.67,1.29,22.65,4.15,72.75,-2.86,1.57
99,"Logan
 Mullholand",CLN,Fr,P,4,0,0,0,0,0,31,6.33,0.11,25,8,11.37,8,7,2,2.84,6.45,2,2.84,6.45,1.00,0,2,33.33,9.95,174.73,5.84,102.45,4.11,1.58
99,"Alex
 Windey",CLN,So,P,5,0,0,0,0,0,25,4.67,0.08,16,6,11.56,7,6,2,3.85,8.00,6,11.57,24.00,3.00,1,0,15.15,11.57,203.18,6.07,106.57,5.50,1.71
99,"Josh
 Fleming",CLN,Sr,P,1,0,0,0,0,0,8,1.00,0.02,6,4,36.00,3,3,1,9.00,12.50,1,9.00,12.50,1.00,0,0,40.00,27.00,474.14,5.57,97.82,21.43,5.00
3,"Robert
 Castillo",DAN,Fr,IF,1,0,0,0,0,0,4,0.67,0.01,3,2,26.87,1,0,0,0.00,0.00,1,13.50,25.00,#NUM!,0,0,50.00,0.00,0.00,1.59,29.13,-1.59,2.99
4,"Rance
 Bryant",DAN,So,P,2,0,1,0,0,0,23,5.00,0.09,14,7,12.60,3,2,2,3.60,8.70,6,10.80,26.09,3.00,1,0,78.95,3.60,66.01,5.97,109.47,-2.37,1.80
5,"Jake
 Inman",DAN,Fr,P,4,0,1,0,0,0,46,11.00,0.19,33,12,9.82,3,3,1,0.82,2.17,11,9.00,23.91,11.00,1,0,86.21,2.45,44.92,4.03,73.82,-1.58,1.18
7,"Caleb
 Pittman",DAN,Fr,P,11,3,0,3,1,0,147,30.67,0.53,102,38,11.15,31,26,18,5.28,12.24,20,5.87,13.61,1.11,4,3,52.43,7.63,139.90,7.02,128.62,0.61,1.83
9,"Cole
 Tremain",DAN,Jr,OF,8,0,1,0,3,0,61,14.00,0.24,29,12,7.71,7,7,7,4.50,11.48,25,16.07,40.98,3.57,0,0,63.16,4.50,82.51,2.50,45.86,2.00,1.36
10,"Jared
 Casebier",DAN,So,P,2,0,0,1,0,0,17,2.67,0.05,9,4,13.48,7,6,6,20.22,35.29,1,3.38,5.88,0.17,0,1,36.36,20.25,371.30,11.69,214.20,8.56,3.75
15,"Carter
 Krawchuk",DAN,Fr,P,10,3,1,0,0,1,138,29.00,0.50,64,23,7.14,22,17,27,8.38,19.57,36,11.17,26.09,1.33,3,8,66.91,5.28,96.81,7.06,129.31,-1.78,1.72
17,"John
 Balok, Jr.",DAN,Fr,P,12,2,4,0,0,0,146,29.67,0.51,90,34,10.31,29,24,23,6.98,15.75,26,7.89,17.81,1.13,3,4,56.34,7.28,133.49,6.87,125.81,0.41,1.92
20,"Tyler
 Fay",DAN,Fr,P,10,9,4,3,0,0,210,47.67,0.82,116,39,7.36,24,20,26,4.91,12.38,60,11.33,28.57,2.31,1,7,67.99,3.78,69.31,4.41,80.74,-0.63,1.36
21,"Carter
 Sabol",DAN,Jr,P,9,7,1,1,1,0,153,32.00,0.55,110,43,12.09,24,18,12,3.38,7.84,29,8.16,18.95,2.42,1,1,58.61,5.06,92.78,4.39,80.38,0.67,1.72
22,"Blake
 Binderup",DAN,Fr,IF,13,0,3,2,3,0,83,20.67,0.36,37,10,4.35,7,5,11,4.79,13.25,34,14.81,40.96,3.09,0,1,68.18,2.18,39.97,3.03,55.45,-0.85,1.02
23,"Carter
 Heninger",DAN,So,P,9,8,2,3,0,0,181,36.67,0.63,96,36,8.84,34,28,37,9.08,20.44,43,10.55,23.76,1.16,0,5,56.41,6.87,125.97,5.67,103.80,1.20,1.99
24,"Enas
 Hayden",DAN,So,P,14,2,3,1,1,0,127,29.67,0.51,68,25,7.58,13,11,13,3.94,10.24,45,13.65,35.43,3.46,0,1,66.67,3.34,61.24,2.96,54.18,0.38,1.28
25,"Mason
 Robinson",DAN,Fr,P,7,0,0,0,0,0,62,11.67,0.20,36,13,10.03,11,8,12,9.25,19.35,13,10.03,20.97,1.08,1,0,59.32,6.17,113.13,6.55,119.93,-0.38,2.14
27,"Jack
 Potteiger",DAN,Fr,P,8,8,1,2,0,0,172,35.33,0.61,107,47,11.97,23,22,24,6.11,13.95,37,9.42,21.51,1.54,1,3,70.25,5.60,102.68,5.14,94.19,0.46,2.01
36,"Will
 Jacobson",DAN,Jr,P,11,1,0,1,0,0,124,25.33,0.44,78,38,13.50,21,21,11,3.91,8.87,32,11.37,25.81,2.91,1,2,60.48,7.46,136.79,4.10,75.14,3.36,1.93
99,"Luke
 Nichols",DAN,So,P,7,6,4,1,0,0,143,30.67,0.53,96,30,8.80,23,15,16,4.70,11.19,27,7.92,18.88,1.69,1,3,54.62,4.40,80.68,5.10,93.38,-0.70,1.50
99,"Connor
 Nation",DAN,Jr,P,13,0,2,2,1,0,124,26.00,0.45,73,24,8.31,17,16,17,5.88,13.71,28,9.69,22.58,1.65,1,5,65.02,5.54,101.58,5.46,100.03,0.08,1.58
99,"Decker
 Mac Neil",DAN,So,P,7,1,2,1,2,0,81,18.00,0.31,44,15,7.50,11,9,9,4.50,11.11,25,12.50,30.86,2.78,1,2,60.98,4.50,82.51,4.35,79.75,0.15,1.33
99,"Hunter
 Hoopes",DAN,Sr,P,4,3,2,0,0,0,50,12.67,0.22,29,10,7.10,5,2,2,1.42,4.00,18,12.79,36.00,9.00,0,1,61.54,1.42,26.04,2.44,44.77,-1.02,0.95
99,"Gabriel
 Pancratz",DAN,Fr,P,5,2,0,1,0,0,50,10.67,0.18,33,10,8.43,9,8,6,5.06,12.00,8,6.75,16.00,1.33,0,3,52.63,6.75,123.77,5.61,102.71,1.14,1.50
99,"Johnny
 Colombo",DAN,Jr,IF,1,0,0,0,0,0,10,2.00,0.03,8,2,9.00,2,2,0,0.00,0.00,0,0.00,0.00,#NUM!,0,2,50.00,9.00,165.02,7.57,138.78,1.43,1.00
99,"Nick
 Burns",DAN,Fr,P,1,0,0,0,0,0,2,0.00,0.00,0,0,#NUM!,2,2,2,#NUM!,100.00,0,0.00,0.00,0.00,0,0,0.00,,0.00,#DIV/0!,#DIV/0!,#DIV/0!,#NUM!
1,"Jason
 Shanner",IVY,Sr,P,15,5,2,4,0,0,198,43.33,0.76,129,41,8.52,31,20,22,4.57,11.11,41,8.52,20.71,1.86,2,4,56.07,4.15,61.48,5.08,75.23,-0.93,1.45
2,"Cody
 Kashimoto",IVY,So,IF,1,0,0,0,0,0,4,1.00,0.02,3,1,9.00,1,1,0,0.00,0.00,0,0.00,0.00,#NUM!,1,0,0.00,9.00,133.33,17.57,260.15,-8.57,1.00
3,"Will
 Worthington",IVY,Sr,IF,1,1,0,1,0,0,7,2.00,0.04,7,1,4.50,0,0,0,0.00,0.00,0,0.00,0.00,#NUM!,0,0,100.00,0.00,0.00,4.57,67.72,-4.57,0.50
4,"David
 Andolina",IVY,Fr,P,14,11,2,1,0,0,257,55.67,0.98,141,47,7.60,31,29,35,5.66,13.62,61,9.86,23.74,1.74,4,16,72.51,4.69,69.48,6.07,89.79,-1.38,1.47
6,"Jake
 Ferguson",IVY,So,IF,3,0,0,0,0,0,20,4.67,0.08,18,7,13.49,3,3,0,0.00,0.00,1,1.93,5.00,#NUM!,1,0,71.43,5.79,85.77,6.93,102.59,-1.14,1.50
7,"Noah
 Malone",IVY,Jr,P,1,0,0,0,0,0,7,1.00,0.02,4,2,18.00,1,1,2,18.00,28.57,0,0.00,0.00,0.00,1,0,115.38,9.00,133.33,23.57,348.97,-14.57,4.00
8,"Tobey
 Jackson",IVY,Fr,OF,1,0,0,0,0,0,3,0.00,0.00,0,0,#NUM!,3,2,3,#NUM!,100.00,0,0.00,0.00,0.00,0,0,0.00,,0.00,#DIV/0!,#DIV/0!,#DIV/0!,#NUM!
9,"Sebastian
 Gonzalez",IVY,Fr,P,21,1,2,2,7,0,241,56.67,0.99,132,50,7.94,22,14,18,2.86,7.47,86,13.66,35.68,4.78,2,3,71.85,2.22,32.89,3.11,46.04,-0.89,1.20
10,"Justin
 Rios",IVY,Sr,OF,13,0,3,4,1,0,174,38.00,0.67,108,46,10.89,34,22,14,3.32,8.05,45,10.66,25.86,3.21,3,4,50.17,5.21,77.18,4.65,68.89,0.56,1.58
11,"Joey
 Cecola",IVY,Fr,P,9,3,2,1,0,0,131,29.33,0.51,75,31,9.51,20,17,11,3.38,8.40,37,11.35,28.24,3.36,5,3,65.79,5.22,77.33,5.70,84.37,-0.48,1.43
15,"Daniel
 Vogt",IVY,So,P,14,4,4,3,0,0,164,32.33,0.57,114,43,11.97,26,19,18,5.01,10.98,22,6.12,13.41,1.22,1,9,64.14,5.29,78.37,6.12,90.61,-0.83,1.89
17,"Sam
 Corbett",IVY,So,P,9,1,1,2,0,0,76,16.67,0.29,55,19,10.26,9,8,9,4.86,11.84,11,5.94,14.47,1.22,0,1,68.97,4.32,64.00,5.05,74.82,-0.73,1.68
20,"Daniel
 Strohm",IVY,Fr,P,13,7,1,3,1,0,179,34.00,0.60,94,32,8.47,36,31,38,10.06,21.23,40,10.59,22.35,1.05,1,6,53.62,8.21,121.62,6.49,96.02,1.72,2.06
22,"Louis
 Perona",IVY,Jr,OF,1,0,0,0,0,0,7,1.00,0.02,4,3,27.00,4,4,1,9.00,14.29,0,0.00,0.00,0.00,1,1,27.78,36.00,533.31,23.57,348.97,12.43,4.00
24,"Kedren
 Kinzie",IVY,Fr,IF,1,0,0,0,0,0,3,0.67,0.01,3,0,0.00,0,0,0,0.00,0.00,0,0.00,0.00,#NUM!,0,0,#DIV/0!,0.00,0.00,4.57,67.72,-4.57,0.00
26,"Ryan
 Keeley",IVY,Sr,P,6,2,2,1,0,0,69,14.00,0.25,40,12,7.71,13,12,10,6.43,14.49,10,6.43,14.49,1.00,2,7,61.07,7.71,114.22,8.65,127.99,-0.94,1.57
27,"Tyler
 Dorsch",IVY,Jr,OF,1,0,0,0,0,0,6,1.00,0.02,4,2,18.00,2,2,1,9.00,16.67,1,9.00,16.67,1.00,0,0,33.33,18.00,266.66,5.57,82.52,12.43,3.00
29,"Brendan
 Comerford",IVY,Fr,IF,1,0,0,0,0,0,8,1.00,0.02,7,4,36.00,3,3,1,9.00,12.50,0,0.00,0.00,0.00,0,0,40.00,27.00,399.98,7.57,112.13,19.43,5.00
34,"Justin
 Lane",IVY,Fr,P,1,0,0,0,0,0,7,1.00,0.02,6,3,27.00,3,3,1,9.00,14.29,0,0.00,0.00,0.00,0,0,25.00,27.00,399.98,7.57,112.13,19.43,4.00
36,"Bret
 Baldus",IVY,So,P,5,1,0,1,0,0,35,5.00,0.09,14,3,5.40,11,10,14,25.20,40.00,3,5.40,8.57,0.21,1,3,48.39,18.00,266.66,16.17,239.43,1.83,3.40
37,"Christian
 Graves",IVY,Fr,IF,2,1,0,0,0,0,34,7.00,0.12,23,12,15.43,5,4,0,0.00,0.00,8,10.29,23.53,#NUM!,1,2,71.43,5.14,76.15,5.00,74.06,0.14,1.71
40,"Griffin
 Sleyko",IVY,Fr,P,6,0,2,0,0,0,62,14.00,0.25,34,10,6.43,7,6,7,4.50,11.29,16,10.29,25.81,2.29,0,5,68.18,3.86,57.18,4.86,71.95,-1.00,1.21
44,"River
 Scott",IVY,Fr,P,9,4,1,1,0,0,106,21.67,0.38,64,26,10.80,24,23,14,5.81,13.21,17,7.06,16.04,1.21,7,4,58.48,9.55,141.48,9.70,143.54,-0.15,1.85
45,"Evan
 Clark",IVY,So,P,6,4,1,0,0,0,64,13.67,0.24,32,14,9.22,6,6,10,6.58,15.63,20,13.17,31.25,2.00,2,0,84.91,3.95,58.52,5.75,85.04,-1.80,1.76
72,"Zach
 Lane",IVY,Jr,IF,2,0,0,0,0,0,17,3.33,0.06,9,4,10.81,3,1,1,2.70,5.88,6,16.20,35.29,6.00,0,1,50.00,2.70,40.00,2.77,41.05,-0.07,1.50
79,"Gage
 Burdick",IVY,Fr,P,7,3,0,0,0,0,83,16.33,0.29,34,15,8.27,16,12,18,9.92,21.69,26,14.33,31.33,1.44,3,2,61.69,6.61,97.92,7.45,110.32,-0.84,2.02
81,"Finn
 O'Meara",IVY,Fr,P,5,3,2,1,0,0,45,9.00,0.16,20,10,10.00,11,10,9,9.00,20.00,13,13.00,28.89,1.44,2,1,52.33,10.00,148.14,7.91,117.06,2.09,2.11
83,"Jared
 Herzog",IVY,So,P,4,1,2,0,0,0,48,12.00,0.21,27,5,3.75,3,3,7,5.25,14.58,14,10.50,29.17,2.00,0,0,75.00,2.25,33.33,3.99,59.08,-1.74,1.00
85,"Andrew
 Zemaitis",IVY,Fr,P,3,1,0,1,0,0,44,7.67,0.13,27,10,11.73,11,10,7,8.21,15.91,7,8.22,15.91,1.00,0,3,45.00,11.74,173.92,6.66,98.60,5.08,2.22
88,"Tyler
 Conklin",IVY,So,P,2,2,0,2,0,1,53,12.00,0.21,40,15,11.25,8,8,2,1.50,3.77,8,6.00,15.09,4.00,1,2,62.50,6.00,88.89,5.32,78.82,0.68,1.42
91,"Juju
 Thompson",IVY,Fr,P,7,2,0,1,0,0,58,11.00,0.19,32,11,9.00,10,8,15,12.27,25.86,10,8.18,17.24,0.67,0,1,62.96,6.55,97.03,7.12,105.40,-0.57,2.36
92,"Cristian
 Padilla",IVY,Fr,P,3,0,0,0,0,0,34,8.67,0.15,24,8,8.30,3,2,2,2.08,5.88,7,7.27,20.59,3.50,1,0,81.40,2.08,30.81,5.15,76.26,-3.07,1.15
94,"Nico
 Azpilcueta",IVY,Fr,IF,5,0,0,2,1,0,26,4.33,0.08,14,5,10.39,5,4,5,10.39,19.23,7,14.54,26.92,1.40,0,0,50.00,8.31,123.11,4.81,71.14,3.50,2.31
96,"Kyle
 Wisch",IVY,Jr,P,1,1,0,0,0,0,13,2.33,0.04,8,4,15.45,4,4,1,3.86,7.69,2,7.71,15.38,2.00,1,1,43.48,15.43,228.58,11.01,163.02,4.42,2.15
0,"Josh
 Furtado",JAX,Fr,P,15,3,2,1,0,0,210,44.33,0.82,112,38,7.71,27,20,26,5.28,12.38,59,11.98,28.10,2.27,3,10,67.34,4.06,68.87,5.23,88.63,-1.17,1.44
0,"Kyle
 Lambert",JAX,RS So,P,2,0,0,0,0,0,27,3.67,0.07,19,9,22.07,12,9,5,12.26,18.52,3,7.36,11.11,0.60,0,0,14.29,22.09,374.71,7.03,119.11,15.06,3.81
2,"Braden
 Becker",JAX,So,IF,4,0,0,0,0,0,23,5.00,0.09,17,5,9.00,2,2,2,3.60,8.70,3,5.40,13.04,1.50,0,1,75.00,3.60,61.07,5.17,87.71,-1.57,1.40
4,"Peyton
 Charles",JAX,Fr,,5,0,1,0,0,0,39,9.00,0.17,16,3,3.00,2,0,9,9.00,23.08,14,14.00,35.90,1.56,0,0,83.33,0.00,0.00,4.46,75.66,-4.46,1.33
4,"Tyler
 Macon",JAX,Fr,IF,1,0,0,1,0,0,9,0.67,0.01,5,5,67.16,5,3,2,26.87,22.22,2,27.00,22.22,1.00,0,0,28.57,40.50,687.00,7.56,128.14,32.94,10.45
5,"Parker
 Davis",JAX,High School Sr,P,2,0,0,1,0,0,25,4.33,0.08,14,6,12.47,6,6,5,10.39,20.00,5,10.38,20.00,1.00,0,1,50.00,12.46,211.36,6.42,108.86,6.04,2.54
10,"Juwan
 Fitch",JAX,Sr,P,6,2,0,2,0,0,74,15.00,0.28,48,16,9.60,18,18,16,9.60,21.62,7,4.20,9.46,0.44,0,3,48.57,10.80,183.20,7.44,126.13,3.36,2.13
11,"Tyler
 Lawrence",JAX,Fr,P,1,0,0,0,0,0,7,0.67,0.01,4,3,40.30,5,5,2,26.87,28.57,0,0.00,0.00,0.00,1,0,0.00,67.50,1144.99,32.93,558.20,34.57,7.46
13,"Harrison
 Freeman",JAX,So,,6,2,0,0,0,0,50,7.67,0.14,32,10,11.73,14,10,10,11.73,20.00,2,2.35,4.00,0.20,1,5,46.61,11.74,199.14,11.62,196.87,0.12,2.61
14,"Jake
 McCutcheon",JAX,Fr,IF,2,0,0,0,0,0,9,1.67,0.03,6,2,10.78,1,1,3,16.17,33.33,0,0.00,0.00,0.00,0,0,80.00,5.40,91.60,9.96,168.89,-4.56,2.99
21,"Bryce
 Dreher",JAX,RS Jr,C,4,0,0,0,0,0,20,5.33,0.10,17,5,8.44,1,1,0,0.00,0.00,2,3.38,10.00,#NUM!,1,0,111.11,1.69,28.67,6.26,106.16,-4.57,0.94
22,"Chance
 Arender",JAX,Jr,,2,2,0,1,0,0,45,8.00,0.15,35,17,19.12,12,12,4,4.50,8.89,4,4.50,8.89,1.00,2,0,49.45,13.50,229.00,8.32,141.10,5.18,2.62
22,"Wesley
 Mann",JAX,So,C,1,0,0,0,0,0,4,0.67,0.01,3,1,13.43,0,0,1,13.43,25.00,0,0.00,0.00,0.00,0,0,100.00,0.00,0.00,9.05,153.43,-9.05,2.99
24,"Sam
 Poindexter",JAX,Jr,P,7,4,0,3,0,0,115,21.00,0.39,78,30,12.86,27,18,18,7.71,15.65,18,7.71,15.65,1.00,0,1,44.90,7.71,130.78,5.57,94.49,2.14,2.29
24,"Balfour
 Roe",JAX,Fr,P,4,0,0,0,0,0,37,5.33,0.10,21,12,20.26,12,10,6,10.13,16.22,5,8.44,13.51,0.83,1,4,48.54,16.88,286.33,10.77,182.48,6.11,3.38
26,"Will
 Schnepf",JAX,Fr,P,11,8,0,4,0,0,180,34.33,0.64,110,41,10.75,46,34,25,6.55,13.89,32,8.39,17.78,1.28,3,10,41.78,8.91,151.14,6.91,117.04,2.00,1.92
29,"Avery
 Hastings",JAX,Sr,P,2,0,0,1,0,0,11,1.33,0.02,5,2,13.53,2,2,4,27.07,36.36,1,6.75,9.09,0.25,0,1,71.43,13.50,229.00,14.35,243.21,-0.85,4.51
36,"Jack
 Hearn",JAX,Fr,,4,2,0,1,0,0,78,15.00,0.28,61,25,15.00,17,17,6,3.60,7.69,9,5.40,11.54,1.50,2,0,49.65,10.20,173.02,6.31,106.92,3.89,2.07
37,"Cole
 McCallum",JAX,RS So,IF,1,0,0,0,0,0,2,0.67,0.01,2,0,0.00,0,0,0,0.00,0.00,0,0.00,0.00,0.00,0,0,#DIV/0!,0.00,0.00,4.57,77.54,-4.57,0.00
42,"Noah
 Pridmore",JAX,Jr,P,6,6,0,2,0,0,135,29.33,0.54,102,34,10.43,21,13,13,3.99,9.63,18,5.52,13.33,1.38,2,0,58.82,3.99,67.68,5.56,94.30,-1.57,1.60
42,"JD
 Klug",JAX,Fr,,5,0,0,2,0,0,44,7.33,0.14,28,10,12.28,13,7,10,12.28,22.73,4,4.91,9.09,0.40,0,2,40.91,8.59,145.71,8.39,142.29,0.20,2.73
44,"Mason
 Krznarich",JAX,Fr,IF,1,0,0,0,0,0,11,2.00,0.04,6,1,4.50,0,0,4,18.00,36.36,1,4.50,9.09,0.25,0,0,100.00,0.00,0.00,9.57,162.29,-9.57,2.50
45,"JJ
 Gray",JAX,RS So,P,2,0,0,0,0,0,21,2.00,0.04,13,7,31.50,5,1,6,27.00,28.57,2,9.00,9.52,0.33,0,0,61.54,4.50,76.33,11.57,196.19,-7.07,6.50
55,"Cade
 Davis",JAX,So,P,7,7,0,0,0,0,141,30.67,0.57,100,28,8.22,18,17,17,4.99,12.06,18,5.28,12.77,1.06,2,4,67.10,4.99,84.64,6.30,106.83,-1.31,1.47
73,"Dalton
 Rudd",JAX,So,OF,1,0,0,0,0,0,1,0.00,0.00,1,1,#NUM!,0,0,0,#NUM!,0.00,0,0.00,0.00,0.00,0,0,100.00,0.00,0.00,#DIV/0!,#DIV/0!,#DIV/0!,#NUM!
75,"Roman
 Smith",JAX,Fr,P,12,0,3,3,0,0,139,25.67,0.48,70,22,7.71,32,31,33,11.57,23.74,23,8.06,16.55,0.70,3,10,54.28,10.87,184.39,9.33,158.10,1.54,2.14
77,"Tyler
 Smith",JAX,Fr,P,8,7,1,1,0,0,193,41.67,0.77,106,35,7.56,31,24,29,6.26,15.03,45,9.72,23.32,1.55,4,9,62.31,5.18,87.87,6.40,108.45,-1.22,1.54
78,"James
 Denten",JAX,Sr,IF,7,0,1,1,0,0,53,12.33,0.23,33,10,7.30,6,5,5,3.65,9.43,15,10.95,28.30,3.00,0,0,60.00,3.65,61.91,3.36,56.92,0.29,1.22
78,"Riley
 Mertl",JAX,So,P,6,2,0,1,0,0,55,8.00,0.15,33,10,11.25,15,12,15,16.88,27.27,2,2.25,3.64,0.13,1,4,50.72,13.50,229.00,12.82,217.38,0.68,3.12
79,"Aden
 Johnson",JAX,Fr,,1,0,0,1,0,0,7,0.67,0.01,5,2,26.87,3,0,2,26.87,28.57,0,0.00,0.00,0.00,0,0,25.00,0.00,0.00,13.53,229.33,-13.53,5.97
80,"Danton
 Rinehart",JAX,So,P,8,8,2,3,0,0,193,37.00,0.69,115,50,12.16,39,36,29,7.05,15.03,37,9.00,19.17,1.28,6,6,60.05,8.76,148.59,7.52,127.47,1.24,2.14
80,"Colton
 Brumley",JAX,RS So,P,2,0,0,1,1,0,16,4.00,0.07,8,2,4.50,2,2,2,4.50,12.50,5,11.25,31.25,2.50,1,0,76.92,4.50,76.33,6.82,115.68,-2.32,1.00
86,"Will
 Ripoll",JAX,Jr,P,5,1,1,2,1,0,67,12.00,0.22,47,24,18.00,15,13,7,5.25,10.45,13,9.75,19.40,1.86,0,0,51.61,9.75,165.39,4.16,70.48,5.59,2.58
88,"Jamal
 Allen",JAX,Jr,,11,1,2,6,1,0,90,18.00,0.33,59,25,12.50,14,12,10,5.00,11.11,18,9.00,20.00,1.80,1,2,64.61,6.00,101.78,5.30,89.78,0.70,1.94
89,"Ethan
 Orwig",JAX,So,P,10,0,1,0,1,0,91,15.33,0.28,52,21,12.33,21,20,16,9.39,17.58,14,8.22,15.38,0.88,0,9,54.35,11.74,199.14,7.64,129.51,4.10,2.41
89,"Hayden
 Collins",JAX,Fr,IF,4,0,0,0,0,0,41,9.67,0.18,24,11,10.24,8,8,1,0.93,2.44,14,13.03,34.15,14.00,1,1,43.10,7.45,126.37,3.64,61.76,3.81,1.24
1,"Manny
 Nager",JNT,So,P,2,0,0,0,0,0,23,4.33,0.07,15,5,10.39,4,3,2,4.16,8.70,3,6.23,13.04,1.50,1,2,65.79,6.23,97.53,8.96,140.20,-2.73,1.62
6,"Michael
 Klingensmith",JNT,Sr,P,1,0,0,0,0,0,14,2.00,0.04,8,4,18.00,7,5,1,4.50,7.14,2,9.00,14.29,2.00,1,2,0.00,22.50,352.22,13.57,212.34,8.93,2.50
10,"Max
 Beaulieu",JNT,Jr,P,17,3,0,3,1,0,183,37.67,0.65,105,43,10.27,35,27,25,5.97,13.66,46,10.99,25.14,1.84,4,3,55.05,6.45,100.97,5.74,89.83,0.71,1.81
11,"Forrest
 Havanis",JNT,Jr,P,2,1,0,0,0,0,23,4.00,0.07,12,7,15.75,3,3,3,6.75,13.04,6,13.50,26.09,2.00,1,1,83.33,6.75,105.67,7.82,122.40,-1.07,2.50
12,"Matthew
 Benton",JNT,So,P,8,7,1,4,0,0,179,33.00,0.57,133,48,13.09,36,30,31,8.45,17.32,13,3.55,7.26,0.42,0,2,55.56,8.18,128.05,6.79,106.16,1.39,2.39
15,"Austin
 Baal",JNT,Sr,IF,2,0,0,0,0,0,6,1.33,0.02,1,0,0.00,0,0,2,13.53,33.33,3,20.25,50.00,1.50,0,0,100.00,0.00,0.00,4.57,71.56,-4.57,1.50
16,"Noah
 Czajkowski",JNT,Fr,P,10,4,2,3,1,0,142,27.00,0.47,89,35,11.67,35,28,19,6.33,13.38,26,8.67,18.31,1.37,0,8,43.55,9.33,146.05,5.65,88.36,3.68,2.00
20,"Gio
 Calamia",JNT,So,OF,3,0,0,0,0,0,20,4.00,0.07,9,2,4.50,4,3,5,11.25,25.00,5,11.25,25.00,1.00,1,0,53.57,6.75,105.67,9.07,141.95,-2.32,1.75
21,"Brennan
 Murphy",JNT,Jr,P,13,1,1,1,1,0,135,27.67,0.48,87,28,9.11,25,22,18,5.85,13.33,22,7.16,16.30,1.22,1,7,54.26,7.16,112.08,6.16,96.43,1.00,1.66
22,"Gage
 Gillott",JNT,Fr,P,3,2,1,0,0,0,52,10.00,0.17,30,12,10.80,11,11,11,9.90,21.15,9,8.10,17.31,0.82,1,1,57.52,9.90,154.98,7.67,120.05,2.23,2.30
23,"Dante
 DiMatteo",JNT,So,P,4,0,1,0,1,0,20,5.00,0.09,11,2,3.60,2,1,4,7.20,20.00,5,9.00,25.00,1.25,0,0,66.67,1.80,28.18,4.97,77.82,-3.17,1.20
25,"Tyler
 Horvat",JNT,Sr,P,9,6,4,1,0,0,155,33.00,0.57,120,45,12.27,24,17,5,1.36,3.23,27,7.36,17.42,5.40,1,2,55.34,4.64,72.64,3.97,62.08,0.67,1.52
28,"Nick
 Guidas",JNT,Jr,P,8,5,1,1,0,0,165,37.67,0.65,119,42,10.03,21,21,12,2.87,7.27,30,7.17,18.18,2.50,1,3,64.75,5.02,78.58,4.52,70.73,0.50,1.43
31,"Daniel
 Morgano",JNT,Sr,P,5,1,0,1,1,0,62,13.00,0.22,40,12,8.31,6,5,9,6.23,14.52,13,9.00,20.97,1.44,0,0,71.43,3.46,54.16,4.65,72.76,-1.19,1.62
33,"Kayden
 Faulcon",JNT,Fr,P,8,2,0,3,2,0,94,19.33,0.33,56,25,11.64,18,15,9,4.19,9.57,24,11.17,25.53,2.67,2,3,55.56,6.98,109.27,5.30,82.89,1.68,1.76
35,"Jake
 Roshau",JNT,Fr,P,2,1,0,0,0,0,40,7.33,0.13,30,18,22.10,11,11,3,3.68,7.50,6,7.36,15.00,2.00,1,0,51.02,13.50,211.33,5.94,92.90,7.56,2.86
43,"Morgan
 Wyatt",JNT,Jr,C,2,0,0,0,0,0,4,1.33,0.02,2,0,0.00,0,0,0,0.00,0.00,2,13.50,50.00,#NUM!,0,0,#DIV/0!,0.00,0.00,1.57,24.51,-1.57,0.00
51,"Caden
 Goodwin",JNT,Fr,P,3,1,1,1,0,0,52,10.00,0.17,35,12,10.80,9,9,8,7.20,15.38,6,5.40,11.54,0.75,2,1,65.93,8.10,126.80,8.67,135.69,-0.57,2.00
71,"Scotty
 McManamon",JNT,Jr,IF,1,0,0,0,0,0,8,2.00,0.04,4,1,4.50,0,0,2,9.00,25.00,2,9.00,25.00,1.00,0,0,100.00,0.00,0.00,5.57,87.20,-5.57,1.50
74,"Phil
 Fox",JNT,So,P,5,5,0,3,0,0,113,22.67,0.39,63,24,9.53,25,17,16,6.35,14.16,28,11.12,24.78,1.75,3,3,46.39,6.75,105.67,6.34,99.16,0.41,1.76
74,"Nate
 Nolan",JNT,Fr,P,3,1,0,1,0,0,23,3.67,0.07,13,6,14.71,5,5,7,17.17,30.43,3,7.36,13.04,0.43,0,0,61.54,12.27,192.08,8.66,135.49,3.61,3.54
75,"Cole
 Yeager",JNT,Jr,IF,6,0,0,2,1,0,42,8.00,0.14,30,10,11.25,9,8,7,7.88,16.67,4,4.50,9.52,0.57,1,0,51.28,9.00,140.89,7.82,122.40,1.18,2.12
77,"Chris
 Hasse",JNT,Sr,P,10,0,0,1,0,0,61,12.33,0.21,37,19,13.87,17,15,4,2.92,6.56,15,10.95,24.59,3.75,4,1,38.04,10.95,171.41,7.58,118.50,3.37,1.87
77,"Nick
 Merriman",JNT,So,P,1,0,0,0,0,0,9,0.67,0.01,5,4,53.73,7,5,2,26.87,22.22,0,0.00,0.00,0.00,1,1,0.00,67.50,1056.66,37.41,585.18,30.09,8.96
80,"Miguel
 Vega",JNT,Jr,IF,1,0,0,0,0,0,7,1.00,0.02,5,2,18.00,3,3,2,18.00,28.57,0,0.00,0.00,0.00,0,0,25.00,27.00,422.67,10.57,165.41,16.43,4.00
81,"Koa
 Dabuet",JNT,Fr,P,6,1,2,1,0,0,59,13.67,0.24,30,5,3.29,2,2,11,7.24,18.64,16,10.54,27.12,1.45,0,2,88.89,1.32,20.66,5.09,79.57,-3.77,1.17
81,"Tyson
 Bryant-Dawson",JNT,So,OF,6,0,1,1,0,0,62,10.00,0.17,41,19,17.10,15,13,9,8.10,14.52,8,7.20,12.90,0.89,1,3,54.05,11.70,183.16,7.87,123.18,3.83,2.80
82,"Tyler
 Quade",JNT,So,P,2,1,1,0,0,0,40,10.00,0.17,34,11,9.90,3,3,1,0.90,2.50,4,3.60,10.00,4.00,1,0,84.91,2.70,42.27,5.37,84.07,-2.67,1.20
83,"Dan
 Merkel",JNT,So,P,6,5,2,1,1,0,122,29.00,0.50,76,20,6.21,11,5,9,2.79,7.38,31,9.62,25.41,3.44,1,5,70.55,1.55,24.26,4.33,67.78,-2.78,1.00
84,"Drake
 Dobson",JNT,Sr,P,4,1,1,1,0,0,55,10.33,0.18,34,15,13.07,15,13,9,7.84,16.36,8,6.97,14.55,0.89,2,2,47.41,11.32,177.21,8.74,136.67,2.58,2.32
84,"Kaden
 Kumzi",JNT,Fr,P,2,0,1,0,0,0,31,5.33,0.09,20,8,13.51,7,6,3,5.07,9.68,5,8.44,16.13,1.67,0,3,50.00,10.13,158.58,6.08,95.04,4.05,2.06
84,"Bump
 Burgreen",JNT,Fr,OF,3,0,0,0,0,0,20,4.33,0.07,7,2,4.16,2,2,2,4.16,10.00,4,8.31,20.00,2.00,0,7,81.82,4.15,64.97,8.96,140.20,-4.81,0.92
86,"Addison
 Clymer",JNT,Fr,P,1,0,0,0,0,0,11,1.33,0.02,4,3,20.30,4,4,4,27.07,36.36,2,13.50,18.18,0.50,0,1,50.00,27.00,422.67,12.85,200.93,14.15,5.26
87,"Jacob
 Kocuba",JNT,Jr,P,2,0,0,0,0,0,28,5.33,0.09,19,7,11.82,4,2,5,8.44,17.86,4,6.75,14.29,0.80,0,0,66.67,3.38,52.91,5.89,92.10,-2.51,2.25
88,"Mark
 Edeburn",JNT,Sr,P,3,3,1,1,0,0,82,16.67,0.29,64,28,15.12,13,10,4,2.16,4.88,12,6.48,14.63,3.00,0,2,61.76,5.40,84.53,4.21,65.93,1.19,1.92
91,"Alex
 Mykut",JNT,Sr,P,5,4,0,2,0,0,109,22.00,0.38,78,32,13.09,24,15,9,3.68,8.26,21,8.59,19.27,2.33,0,1,42.86,6.14,96.12,4.03,63.03,2.11,1.86
91,"Gannon
 Wentz",JNT,Fr,P,2,0,0,0,1,0,24,5.33,0.09,17,6,10.13,2,2,2,3.38,8.33,3,5.06,12.50,1.50,0,2,80.00,3.38,52.91,5.70,89.17,-2.32,1.50
97,"Cameron
 Goble",JNT,So,P,2,0,1,0,0,0,17,2.33,0.04,8,4,15.45,6,5,6,23.18,35.29,3,11.57,17.65,0.50,0,0,40.00,19.29,301.97,9.72,152.12,9.57,4.29
2,"Joey
 Wilmoth",LAF,So,P,13,4,1,3,1,0,136,27.00,0.48,81,34,11.33,17,14,21,7.00,15.44,30,10.00,22.06,1.43,0,4,71.19,4.67,75.37,5.13,82.73,-0.46,2.04
3,"Foster
 McDonald",LAF,So,P,10,0,0,2,0,0,74,15.33,0.26,35,8,4.70,11,10,19,11.15,25.68,17,9.98,22.97,0.89,1,2,65.22,5.87,94.74,7.31,117.96,-1.44,1.76
6,"Elliott
 Rossell",LAF,Fr,P,13,3,2,0,0,0,110,22.33,0.40,67,30,12.09,15,15,9,3.63,8.18,28,11.28,25.45,3.11,2,4,69.65,6.04,97.48,4.98,80.27,1.06,1.75
10,"Graham
 Kollen",LAF,Jr,P,7,7,2,2,0,0,164,36.67,0.65,128,46,11.29,27,22,9,2.21,5.49,19,4.66,11.59,2.11,2,6,58.42,5.40,87.15,5.47,88.29,-0.07,1.50
11,"Jake
 Gothrup",LAF,Fr,P,7,1,0,2,0,0,44,7.00,0.12,22,12,15.43,12,11,11,14.14,25.00,11,14.14,25.00,1.00,0,0,47.83,14.14,228.20,6.15,99.12,7.99,3.29
13,"Aiden
 Hinds",LAF,So,IF,5,0,0,0,0,0,36,6.33,0.11,22,8,11.37,9,5,11,15.64,30.56,3,4.26,8.33,0.27,0,0,52.63,7.11,114.75,8.84,142.56,-1.73,3.00
18,"Kendall
 Anthes",LAF,Jr,P,14,1,1,3,0,0,126,27.33,0.49,84,39,12.84,28,26,11,3.62,8.73,28,9.22,22.22,2.55,2,1,47.72,8.56,138.15,4.79,77.31,3.77,1.83
20,"Brooks
 Sailors",LAF,So,C,1,0,0,0,0,0,4,1.00,0.02,2,0,0.00,0,0,1,9.00,25.00,1,9.00,25.00,1.00,0,0,100.00,0.00,0.00,5.57,89.90,-5.57,1.00
21,"Coley
 Stevens",LAF,So,P,8,8,5,1,0,0,189,44.33,0.79,144,47,9.54,22,19,13,2.64,6.88,28,5.68,14.81,2.15,4,0,69.85,3.86,62.30,5.36,86.51,-1.50,1.35
22,"Calvin
 Shepherd",LAF,So,P,8,8,2,2,0,0,181,39.67,0.71,123,42,9.53,24,22,21,4.76,11.60,31,7.03,17.13,1.48,1,5,66.07,4.99,80.53,5.31,85.56,-0.32,1.59
23,"Caleb
 Everson",LAF,So,P,6,1,0,0,0,0,48,10.00,0.17,37,10,9.00,8,7,7,6.30,14.58,4,3.60,8.33,0.57,0,0,52.94,6.30,101.68,5.87,94.74,0.43,1.70
25,"Caiden
 Bennett",LAF,So,P,13,0,0,2,0,0,98,18.33,0.33,48,15,7.36,20,20,25,12.27,25.51,16,7.85,16.33,0.64,1,8,60.09,9.82,158.48,8.94,144.16,0.88,2.18
26,"Alek
 Elges",LAF,Jr,P,6,5,2,0,0,1,148,34.33,0.61,101,38,9.96,16,16,8,2.10,5.41,33,8.65,22.30,4.12,5,1,77.50,4.19,67.62,5.33,85.99,-1.14,1.34
27,"Damien
 Wallace",LAF,So,P,3,2,0,2,0,0,35,7.00,0.12,23,9,11.57,10,7,4,5.14,11.43,6,7.71,17.14,1.50,1,1,31.75,9.00,145.25,6.86,110.63,2.14,1.86
29,"Alex
 Alberico",LAF,Fr,P,14,0,1,0,0,0,71,14.67,0.25,37,12,7.36,8,8,17,10.43,23.94,14,8.59,19.72,0.82,1,2,77.70,4.91,79.24,7.44,119.94,-2.53,1.98
32,"Zach
 Zaborowski",LAF,Jr,P,20,0,3,1,13,0,101,22.67,0.40,65,26,10.32,11,7,7,2.78,6.93,26,10.32,25.74,3.71,1,2,71.43,2.78,44.87,4.05,65.24,-1.27,1.46
34,"Wyatt
 Geesaman",LAF,Jr,P,15,0,1,1,0,0,105,18.67,0.33,58,24,11.57,28,19,20,9.64,19.05,20,9.64,19.05,1.00,2,5,45.45,9.16,147.83,7.84,126.46,1.32,2.36
36,"Matt
 Lelito",LAF,Jr,P,2,0,0,0,0,0,11,2.33,0.04,6,1,3.86,1,1,2,7.73,18.18,1,3.86,9.09,0.50,0,2,80.00,3.86,62.30,8.87,142.99,-5.01,1.29
38,"Lawson
 Cole",LAF,Fr,P,6,0,2,1,0,0,52,10.33,0.18,38,18,15.68,10,8,3,2.61,5.77,8,6.97,15.38,2.67,2,1,62.50,6.97,112.49,6.70,108.12,0.27,2.03
39,"Cayden
 Gothrup",LAF,Fr,P,11,4,1,0,0,0,119,25.33,0.45,79,28,9.95,17,15,16,5.68,13.45,22,7.82,18.49,1.38,1,1,64.22,5.33,86.02,5.36,86.51,-0.03,1.74
40,"Tyler
 Papenbrock",LAF,So,P,11,5,1,3,0,0,151,31.33,0.56,84,37,10.63,29,26,17,4.88,11.26,41,11.78,27.15,2.41,4,5,56.18,7.47,120.56,5.72,92.30,1.75,1.72
42,"Brody
 Fine",LAF,Fr,P,6,4,0,2,0,0,63,13.00,0.22,37,16,11.08,9,8,9,6.23,14.29,15,10.38,23.81,1.67,1,1,69.11,5.54,89.41,5.57,89.90,-0.03,1.92
59,"Charles
 Lefebvre",LAF,Jr,P,10,0,3,0,0,0,75,17.00,0.29,44,15,7.94,16,15,13,6.88,17.33,14,7.41,18.67,1.08,2,2,51.47,7.94,128.14,7.10,114.56,0.84,1.65
81,"Caden
 Leonard",LAF,So,P,1,0,0,1,0,0,8,1.33,0.02,6,3,20.30,3,1,1,6.77,12.50,1,6.75,12.50,1.00,0,0,25.00,6.75,108.94,5.33,85.90,1.42,3.01
83,"Joey
 Humphrey",LAF,Jr,OF,1,0,0,0,0,0,6,1.00,0.02,5,3,27.00,2,2,0,0.00,0.00,1,9.00,16.67,#NUM!,0,0,33.33,18.00,290.50,2.57,41.52,15.43,3.00
88,"Joe
 Olsavsky",LAF,Jr,IF,1,0,0,0,0,0,3,1.00,0.02,2,0,0.00,0,0,0,0.00,0.00,1,9.00,33.33,#NUM!,0,0,#DIV/0!,0.00,0.00,2.57,41.52,-2.57,0.00
95,"Caden
 Tarango",LAF,Fr,P,3,3,0,0,0,0,40,7.67,0.13,19,7,8.21,8,8,10,11.73,25.00,9,10.57,22.50,0.90,1,1,60.24,9.39,151.54,8.23,132.65,1.16,2.22
98,"Jackson
 Burk",LAF,Fr,P,10,1,0,1,0,0,61,11.00,0.19,40,19,15.55,13,9,8,6.55,13.11,11,9.00,18.03,1.38,1,1,56.39,7.36,118.78,6.21,100.16,1.15,2.45
3,"Easton
 Harris",NOR,Fr,IF,3,1,1,0,0,0,34,5.33,0.09,24,15,25.33,10,8,2,3.38,5.88,5,8.44,14.71,2.50,2,1,52.63,13.50,215.26,9.27,147.62,4.23,3.19
6,"Case
 Sanderson",NOR,Fr,IF,3,0,0,1,0,0,33,5.00,0.09,23,13,23.40,11,7,5,9.00,15.15,5,9.00,15.15,1.00,0,0,38.89,12.60,200.91,5.57,88.82,7.03,3.60
8,"Joey
 Hagen",NOR,Fr,OF,1,0,0,0,1,0,2,0.67,0.01,1,0,0.00,0,0,0,0.00,0.00,1,13.50,50.00,#NUM!,0,0,#DIV/0!,0.00,0.00,1.59,25.33,-1.59,0.00
12,"Caleb
 Jacobs",NOR,Sr,P,1,0,0,0,0,0,12,3.33,0.06,8,2,5.41,2,2,1,2.70,8.33,2,5.40,16.67,2.00,1,0,62.50,5.40,86.10,8.18,130.30,-2.78,0.90
18,"Ryne
 Willard",NOR,Fr,P,23,1,5,5,2,0,164,31.33,0.54,96,32,9.19,26,22,30,8.62,18.29,30,8.62,18.29,1.00,4,4,66.23,6.32,100.77,7.58,120.69,-1.26,1.98
20,"Bode
 Gebbink",NOR,Jr,P,7,6,1,2,0,0,153,32.33,0.56,102,32,8.91,24,19,22,6.12,14.38,19,5.29,12.42,0.86,4,6,66.18,5.29,84.35,7.61,121.18,-2.32,1.67
26,"Tyler
 Woltman",NOR,So,C,4,0,1,0,0,0,44,10.00,0.17,22,6,5.40,2,1,6,5.40,13.64,14,12.60,31.82,2.33,0,2,85.71,0.90,14.35,4.17,66.51,-3.27,1.20
30,"Nash
 Mose",NOR,So,P,17,0,0,0,0,0,86,13.00,0.22,49,21,14.54,28,24,20,13.85,23.26,12,8.31,13.95,0.60,2,3,38.83,16.62,265.01,10.04,159.91,6.58,3.15
31,"Trey
 Bryant",NOR,So,P,19,0,0,1,0,0,120,23.33,0.40,75,27,10.42,28,27,19,7.33,15.83,17,6.56,14.17,0.89,1,8,49.43,10.41,165.99,7.15,113.86,3.26,1.97
35,"Jack
 Bach",NOR,Fr,P,19,1,0,1,1,0,154,32.67,0.56,99,31,8.54,28,28,18,4.96,11.69,25,6.89,16.23,1.39,2,10,55.16,7.71,122.94,6.41,102.15,1.30,1.50
36,"Porter
 Conn",NOR,Fr,P,9,7,2,1,0,0,165,31.67,0.55,77,38,10.80,34,28,27,7.67,16.36,53,15.06,32.12,1.96,3,5,54.71,7.96,126.92,5.49,87.48,2.47,2.05
37,"Blake
 Roundtree Jr.",NOR,Fr,P,15,1,0,2,1,0,106,22.33,0.39,64,21,8.46,23,22,16,6.45,15.09,18,7.25,16.98,1.12,6,2,52.29,8.87,141.43,8.87,141.39,0.00,1.66
38,"AJ
 Rinebold",NOR,Fr,P,3,2,0,1,0,0,26,3.67,0.06,13,7,17.17,5,5,6,14.71,23.08,4,9.82,15.38,0.67,1,2,73.53,12.27,195.65,12.48,198.79,-0.21,3.54
39,"Drew
 Conn",NOR,Sr,P,10,9,4,2,0,1,230,48.67,0.84,146,53,9.80,33,30,27,4.99,11.74,46,8.51,20.00,1.70,2,9,64.97,5.55,88.50,5.44,86.64,0.11,1.64
73,"Kyle
 Moore",NOR,Jr,P,2,2,0,1,0,0,49,11.00,0.19,42,14,11.45,11,10,0,0.00,0.00,3,2.45,6.12,#NUM!,2,2,37.88,8.18,130.43,6.94,110.55,1.24,1.27
73,"Max
 Jones",NOR,Jr,IF,1,0,0,0,0,0,8,1.00,0.02,2,1,9.00,1,1,4,36.00,50.00,2,18.00,25.00,0.50,0,0,80.00,9.00,143.51,12.57,200.35,-3.57,5.00
81,"Noah
 Leingang",NOR,Fr,P,13,0,1,0,0,0,104,20.00,0.34,80,28,12.60,13,13,8,3.60,7.69,14,6.30,13.46,1.75,1,1,67.42,5.85,93.28,5.17,82.45,0.68,1.80
82,"Parker
 Stoneking",NOR,So,P,1,1,1,0,0,0,24,5.33,0.09,13,4,6.75,2,2,3,5.07,12.50,6,10.13,25.00,2.00,1,1,90.91,3.38,53.89,7.01,111.75,-3.63,1.31
84,"Payton
 Mansfield",NOR,So,OF,4,0,0,0,0,0,31,6.33,0.11,28,11,15.64,4,4,1,1.42,3.23,0,0.00,0.00,0.00,0,2,71.43,5.68,90.57,6.00,95.54,-0.32,1.90
85,"Zach
 Courson",NOR,Fr,P,8,6,1,3,0,0,146,29.00,0.50,92,32,9.93,25,23,14,4.34,9.59,29,9.00,19.86,2.07,2,9,57.47,7.14,113.85,5.85,93.22,1.29,1.59
87,"Drake
 Downing",NOR,Fr,P,15,2,6,1,1,0,165,36.00,0.62,97,30,7.50,12,8,24,6.00,14.55,40,10.00,24.24,1.67,2,2,82.71,2.00,31.89,5.24,83.51,-3.24,1.50
88,"Christian
 Badorek",NOR,Sr,P,2,0,0,0,0,0,16,3.33,0.06,10,3,8.11,3,1,3,8.11,18.75,3,8.10,18.75,1.00,0,0,50.00,2.70,43.05,5.48,87.24,-2.78,1.80
89,"Jake
 Perrino",NOR,Fr,P,3,2,0,2,0,0,26,4.67,0.08,16,7,13.49,9,9,4,7.71,15.38,4,7.71,15.38,1.00,1,1,28.30,17.36,276.81,8.86,141.12,8.50,2.36
89,"Tyler
 Hensch",NOR,Fr,P,2,2,0,0,0,0,24,4.00,0.07,10,2,4.50,11,11,7,15.75,29.17,2,4.50,8.33,0.29,0,5,21.43,24.75,394.64,12.57,200.35,12.18,2.25
90,"Hunter
 Pudio",NOR,So,P,1,0,0,0,0,0,9,1.00,0.02,6,3,27.00,6,4,2,18.00,22.22,1,9.00,11.11,0.50,0,0,-20.00,36.00,574.02,8.57,136.62,27.43,5.00
92,"Graham
 Kasey",NOR,Fr,P,6,6,2,2,0,0,145,33.33,0.57,94,33,8.91,16,13,13,3.51,8.97,30,8.10,20.69,2.31,1,7,71.71,3.51,55.97,4.96,79.10,-1.45,1.38
93,"Gabe
 Helder",NOR,Fr,P,2,0,1,0,0,0,18,2.00,0.04,9,2,9.00,7,4,6,27.00,33.33,1,4.50,5.56,0.17,0,2,30.00,18.00,287.01,15.57,248.15,2.43,4.00
94,"PJ
 Rogan",NOR,Fr,P,2,2,0,1,0,0,43,8.00,0.14,32,15,16.88,10,10,5,5.62,11.63,3,3.38,6.98,0.60,0,3,56.52,11.25,179.38,6.82,108.74,4.43,2.50
95,"Kayden
 Althoff",NOR,Fr,P,3,3,0,1,0,0,48,10.33,0.18,27,11,9.58,13,12,6,5.23,12.50,14,12.19,29.17,2.33,1,0,25.64,10.45,166.63,4.87,77.51,5.58,1.65
96,"Jack
 Duncan",NOR,Fr,P,3,3,0,2,0,0,41,6.67,0.12,28,10,13.49,9,9,8,10.79,19.51,2,2.70,4.88,0.25,0,3,57.14,12.15,193.73,8.92,142.16,3.23,2.70
99,"Scott
 Newman",NOR,Fr,OF,1,0,0,0,0,0,17,3.00,0.05,8,3,9.00,5,5,3,9.00,17.65,3,9.00,17.65,1.00,1,2,45.45,15.00,239.18,11.91,189.73,3.09,2.00
6,"Eric
 Loomis",OFL,Jr,P,2,0,0,0,0,0,9,2.67,0.05,4,0,0.00,1,0,1,3.37,11.11,4,13.50,44.44,4.00,0,0,0.00,0.00,0.00,2.70,42.00,-2.70,0.37
7,"Caiden
 Otte",OFL,Fr,P,18,0,2,0,2,0,105,23.33,0.42,60,22,8.49,11,10,12,4.63,11.43,33,12.73,31.43,2.75,0,0,67.65,3.86,60.05,3.29,51.13,0.57,1.46
9,"Jake
 Vitale",OFL,So,OF,1,0,0,0,0,0,8,1.00,0.02,7,2,18.00,4,2,1,9.00,12.50,0,0.00,0.00,0.00,0,0,-33.33,18.00,280.03,7.57,117.75,10.43,3.00
10,"Braden
 Barnard",OFL,Fr,P,19,1,0,3,0,0,165,30.33,0.54,80,36,10.68,38,33,31,9.20,18.79,38,11.27,23.03,1.23,5,11,56.34,9.79,152.31,8.37,130.06,1.42,2.21
11,"Jack
 Jones",OFL,Jr,P,3,2,0,0,0,0,43,8.00,0.14,25,9,10.12,10,6,8,9.00,18.60,9,10.13,20.93,1.12,0,1,44.44,6.75,105.01,5.70,88.60,1.05,2.12
12,"Nick
 Harms",OFL,So,OF,1,0,0,0,0,0,7,2.00,0.04,5,0,0.00,0,0,0,0.00,0.00,2,9.00,28.57,#NUM!,0,0,#DIV/0!,0.00,0.00,2.57,40.02,-2.57,0.00
16,"Kaden
 Joggerst",OFL,Fr,P,11,1,2,0,0,0,111,22.33,0.40,50,19,7.66,24,21,24,9.67,21.62,30,12.09,27.03,1.25,4,3,54.46,8.46,131.62,7.84,121.94,0.62,1.93
18,"Christian
 Harvey",OFL,So,P,2,2,0,2,0,0,46,8.67,0.15,23,10,10.38,9,8,9,9.34,19.57,12,12.46,26.09,1.33,1,1,59.14,8.31,129.28,6.77,105.18,1.54,2.19
22,"Drew
 Politte",OFL,Fr,IF,19,2,5,4,1,0,152,32.33,0.58,98,31,8.63,26,24,26,7.24,17.11,24,6.68,15.79,0.92,2,2,58.72,6.68,103.92,6.49,100.93,0.19,1.76
24,"Gavin
 Kinworthy",OFL,So,P,1,1,0,1,0,0,21,3.67,0.07,11,6,14.71,7,7,4,9.81,19.05,4,9.82,19.05,1.00,1,1,41.67,17.18,267.28,10.02,155.83,7.16,2.72
28,"Eric
 Steward",OFL,Fr,P,3,0,0,0,0,0,21,4.33,0.08,11,5,10.39,4,3,3,6.24,14.29,5,10.38,23.81,1.67,1,1,65.79,6.23,96.92,8.04,124.97,-1.81,1.85
29,"Victor
 Fujiu",OFL,Jr,P,9,0,0,1,0,0,68,10.33,0.18,27,9,7.84,19,17,29,25.27,42.65,12,10.45,17.65,0.41,0,0,50.00,14.81,230.40,10.67,165.92,4.14,3.68
31,"Coby
 Rogers",OFL,So,P,14,4,3,1,0,0,178,34.33,0.61,123,49,12.85,35,33,26,6.82,14.61,21,5.50,11.80,0.81,2,6,58.82,8.65,134.57,6.91,107.34,1.74,2.18
33,"Zach
 Beatty",OFL,So,OF,1,0,0,0,0,0,9,1.00,0.02,6,4,36.00,4,4,2,18.00,22.22,0,0.00,0.00,0.00,1,0,43.48,36.00,560.06,23.57,366.48,12.43,6.00
36,"Tucker
 Platt",OFL,So,IF,1,0,0,0,0,0,6,1.00,0.02,5,2,18.00,0,0,0,0.00,0.00,0,0.00,0.00,#NUM!,0,1,100.00,0.00,0.00,7.57,117.75,-7.57,2.00
38,"Barrett
 Lohman",OFL,Fr,P,11,10,3,2,0,0,234,49.67,0.89,158,60,10.87,33,31,31,5.62,13.25,38,6.89,16.24,1.23,5,2,69.77,5.62,87.43,6.35,98.66,-0.73,1.83
43,"Samuel
 Feltz",OFL,Jr,P,18,1,4,0,5,0,108,26.67,0.48,65,20,6.75,5,5,8,2.70,7.41,32,10.80,29.63,4.00,0,3,83.87,1.69,26.29,3.41,53.05,-1.72,1.05
46,"Tanner
 Mueller",OFL,Fr,P,16,0,1,0,0,0,116,22.00,0.39,42,15,6.14,24,16,29,11.86,25.00,38,15.55,32.76,1.31,1,6,53.50,6.55,101.90,6.48,100.79,0.07,2.00
70,"Ian
 Benner",OFL,Jr,P,6,2,0,0,0,0,90,19.33,0.35,66,25,11.64,12,11,7,3.26,7.78,12,5.59,13.33,1.71,3,2,73.83,5.12,79.65,6.75,104.89,-1.63,1.66
77,"Matt
 Haley",OFL,So,P,9,7,1,4,0,1,168,32.67,0.58,106,47,12.95,30,29,23,6.34,13.69,29,7.99,17.26,1.26,7,3,68.04,7.99,124.30,7.97,123.93,0.02,2.14
80,"Chase
 Becker",OFL,So,IF,1,0,0,0,0,0,6,1.00,0.02,2,0,0.00,1,0,2,18.00,33.33,2,18.00,33.33,1.00,0,0,50.00,0.00,0.00,6.57,102.21,-6.57,2.00
82,"Blake
 Bax",OFL,So,P,1,0,0,0,0,0,19,5.00,0.09,10,1,1.80,0,0,3,5.40,15.79,5,9.00,26.32,1.67,0,1,100.00,0.00,0.00,4.97,77.33,-4.97,0.80
83,"Dylan
 Bates",OFL,Fr,P,1,1,0,1,0,0,19,2.33,0.04,11,9,34.76,8,8,4,15.45,21.05,3,11.57,15.79,0.75,1,0,43.10,30.86,480.10,12.73,197.88,18.13,5.58
84,"Pierce
 Hartmann",OFL,Jr,P,7,7,2,2,0,0,140,31.33,0.56,95,29,8.33,17,16,14,4.02,10.00,23,6.61,16.43,1.64,3,5,70.78,4.60,71.56,6.17,95.92,-1.57,1.37
84,"Griffin
 King",OFL,So,P,1,1,0,0,0,0,15,4.00,0.07,9,2,4.50,0,0,4,9.00,26.67,1,2.25,6.67,0.25,0,1,100.00,0.00,0.00,7.82,121.64,-7.82,1.50
87,"Jack
 DuMont",OFL,Fr,P,9,7,1,4,0,0,136,25.67,0.46,71,25,8.77,32,28,28,9.82,20.59,26,9.12,19.12,0.93,5,6,51.92,9.82,152.77,9.05,140.76,0.77,2.06
87,"Owen
 Schexnaydre",OFL,Fr,P,4,4,1,3,0,0,84,16.67,0.30,57,22,11.88,19,18,11,5.94,13.10,15,8.10,17.86,1.36,0,1,44.12,9.72,151.22,4.93,76.71,4.79,1.98
89,"Noah
 Arras",OFL,Jr,P,9,5,1,2,0,0,156,34.67,0.62,110,31,8.05,16,14,17,4.41,10.90,21,5.45,13.46,1.24,1,7,72.76,3.63,56.47,5.81,90.40,-2.18,1.38
89,"Hayden
 Wilson",OFL,Fr,P,2,0,0,0,0,0,19,3.67,0.07,14,7,17.17,6,6,2,4.90,10.53,1,2.45,5.26,0.50,2,0,48.39,14.73,229.16,12.75,198.19,1.98,2.45
92,"Nathan
 Beaton",OFL,Jr,P,2,0,0,0,0,0,23,2.67,0.05,12,9,30.34,10,9,3,10.11,13.04,6,20.25,26.09,2.00,1,1,25.86,30.38,472.63,9.44,146.80,20.94,4.49
93,"Stetson
 Marion",OFL,So,P,1,0,0,0,0,0,7,2.00,0.04,4,0,0.00,0,0,0,0.00,0.00,2,9.00,28.57,#NUM!,0,1,100.00,0.00,0.00,4.07,63.34,-4.07,0.00
1,"Andrew
 Fay",QUI,Sr,IF,7,1,1,3,0,0,85,16.33,0.30,61,27,14.88,16,15,10,5.51,11.76,11,6.06,12.94,1.10,2,1,62.50,8.27,106.61,6.84,88.12,1.43,2.27
2,"Stephen
 Eskridge",QUI,Jr,P,16,0,1,1,6,0,78,21.67,0.39,36,5,2.08,2,2,12,4.98,15.38,30,12.46,38.46,2.50,0,0,88.24,0.83,10.70,3.47,44.66,-2.64,0.78
3,"Cole
 Parkhill",QUI,So,P,10,10,2,4,0,0,194,35.67,0.64,117,46,11.61,41,37,41,10.34,21.13,28,7.07,14.43,0.68,3,5,58.09,9.34,120.41,7.97,102.63,1.37,2.44
5,"Easton
 Mains",QUI,Fr,OF,1,0,0,0,0,0,3,0.33,0.01,3,2,54.55,1,0,0,0.00,0.00,0,0.00,0.00,#NUM!,0,0,50.00,0.00,0.00,4.57,58.93,-4.57,6.06
6,"Jake
 Schisler",QUI,Fr,P,4,4,2,1,0,0,91,23.00,0.41,65,19,7.43,10,9,4,1.57,4.40,20,7.83,21.98,5.00,1,1,61.95,3.52,45.38,4.05,52.21,-0.53,1.00
7,"Connor
 Schwindeler",QUI,Fr,P,13,0,0,0,0,0,127,20.67,0.38,85,40,17.42,37,28,19,8.27,14.96,18,7.84,14.17,0.95,1,4,42.21,12.19,157.15,6.80,87.60,5.39,2.85
12,"Otto
 Jones",QUI,Jr,C,1,0,0,0,0,0,4,0.33,0.01,0,0,0.00,0,0,3,81.82,75.00,1,27.00,25.00,0.33,0,0,100.00,0.00,0.00,25.79,332.18,-25.79,9.09
13,"PJ
 Schmidt",QUI,Fr,P,2,2,0,1,0,0,34,5.67,0.10,20,11,17.46,10,8,4,6.35,11.76,5,7.94,14.71,1.25,3,2,54.69,12.71,163.85,12.86,165.71,-0.15,2.65
14,"Braden
 Smith",QUI,Fr,P,5,0,0,0,0,0,43,10.00,0.18,21,5,4.50,3,3,7,6.30,16.28,13,11.70,30.23,1.86,0,2,78.57,2.70,34.81,4.67,60.22,-1.97,1.20
15,"Stefan
 Stockwell",QUI,Jr,P,17,2,2,3,1,0,195,39.67,0.71,121,49,11.12,38,29,20,4.54,10.26,42,9.53,21.54,2.10,6,6,55.56,6.58,84.83,6.39,82.31,0.19,1.74
19,"Luke
 Jessen",QUI,So,OF,1,0,0,0,0,0,2,0.33,0.01,1,1,27.27,0,0,0,0.00,0.00,1,27.00,50.00,#NUM!,0,0,100.00,0.00,0.00,-1.49,-19.14,1.49,3.03
20,"Brian
 Henke",QUI,Sr,P,7,0,0,0,0,0,52,11.00,0.20,28,12,9.82,10,9,7,5.73,13.46,13,10.64,25.00,1.86,3,1,63.29,7.36,94.88,7.94,102.26,-0.58,1.73
22,"Max
 Babich",QUI,Fr,P,5,3,2,0,0,0,96,17.00,0.31,51,20,10.59,12,10,19,10.06,19.79,19,10.06,19.79,1.00,1,6,75.69,5.29,68.20,7.52,96.82,-2.23,2.29
24,"Rich
 Snider",QUI,Fr,P,2,0,0,0,0,0,10,1.33,0.02,4,3,20.30,5,5,3,20.30,30.00,2,13.50,20.00,0.67,1,0,21.74,33.75,435.10,18.11,233.27,15.64,4.51
25,"Samuel
 Skirvin",QUI,Fr,P,4,0,0,0,0,0,26,9.00,0.16,10,12,12.00,7,7,5,5.00,19.23,8,8.00,30.77,1.60,1,2,68.18,7.00,90.24,6.57,84.69,0.43,1.89
26,"Davin
 Meier",QUI,So,P,2,2,1,0,0,0,36,8.00,0.15,24,5,5.62,2,2,5,5.62,13.89,4,4.50,11.11,0.80,0,3,84.62,2.25,29.01,6.57,84.69,-4.32,1.25
29,"Tyler
 Dance",QUI,Fr,P,3,2,0,1,0,0,44,8.00,0.15,33,15,16.88,14,13,3,3.38,6.82,5,5.63,11.36,1.67,0,3,33.33,14.63,188.61,5.57,71.81,9.06,2.25
30,"Carter
 Poole",QUI,Fr,P,13,1,3,1,0,0,95,17.33,0.32,40,17,8.83,20,18,27,14.02,28.42,25,12.98,26.32,0.93,2,1,59.24,9.35,120.54,8.04,103.53,1.31,2.54
34,"Drew
 Evans",QUI,Fr,P,4,2,1,2,0,0,63,12.33,0.22,40,17,12.41,15,13,7,5.11,11.11,11,8.03,17.46,1.57,2,3,49.59,9.49,122.34,7.33,94.45,2.16,1.95
35,"Jake
 Syverson",QUI,Fr,P,14,1,3,1,1,0,89,21.33,0.39,40,12,5.06,15,15,17,7.17,19.10,28,11.81,31.46,1.65,1,3,55.56,6.33,81.60,5.37,69.20,0.96,1.36
36,"Noah
 Harbin",QUI,Fr,P,8,6,4,0,0,0,166,33.00,0.59,105,38,10.36,28,25,25,6.82,15.06,30,8.18,18.07,1.20,3,3,61.49,6.82,87.92,6.48,83.52,0.34,1.91
37,"Anthony
 Ribes",QUI,Jr,P,8,8,2,2,0,0,155,32.00,0.57,93,34,9.56,24,24,21,5.91,13.55,29,8.16,18.71,1.38,3,9,66.89,6.75,87.02,6.79,87.51,-0.04,1.72
43,"Tanner
 Gerdes",QUI,Jr,P,8,0,0,0,2,0,45,10.00,0.18,23,6,5.40,4,4,7,6.30,15.56,13,11.70,28.89,1.86,0,2,73.33,3.60,46.41,4.67,60.22,-1.07,1.30
45,"Josh
 Hempelman",QUI,Fr,P,11,0,0,1,0,0,103,20.33,0.37,71,31,13.72,30,28,10,4.43,9.71,13,5.75,12.62,1.30,5,4,39.47,12.39,159.73,8.56,110.26,3.83,2.02
99,"Philip
 Reinhardt",QUI,So,P,5,5,1,1,0,0,94,22.00,0.39,61,23,9.41,11,11,6,2.45,6.38,25,10.23,26.60,4.17,0,2,64.52,4.50,58.01,3.39,43.71,1.11,1.32
99,"Peyton
 Clampitt",QUI,So,P,5,4,0,2,0,0,94,18.00,0.33,44,20,10.00,22,18,17,8.50,18.09,23,11.50,24.47,1.35,5,5,57.14,9.00,116.03,9.30,119.76,-0.30,2.06
99,"Ryan
 Foley",QUI,Jr,P,4,4,1,1,0,0,72,16.33,0.30,53,19,10.47,13,13,5,2.76,6.94,9,4.96,12.50,1.80,2,3,57.85,7.16,92.31,6.53,84.17,0.63,1.47
99,"Dawson
 Flowers",QUI,Jr,P,9,0,2,1,0,0,61,14.67,0.27,40,15,9.20,4,2,3,1.84,4.92,14,8.59,22.95,4.67,0,4,81.82,1.23,15.86,4.10,52.78,-2.87,1.23
99,"Tim
 Gooden",QUI,So,P,4,0,1,0,0,0,45,9.67,0.18,25,10,9.31,3,3,3,2.79,6.67,15,13.97,33.33,5.00,0,2,80.00,2.79,35.97,3.02,38.95,-0.23,1.34
99,"Tyler
 Barker",QUI,Fr,P,4,0,1,0,0,0,43,5.33,0.10,34,8,13.51,5,5,2,3.38,4.65,5,8.44,11.63,2.50,1,1,62.50,8.44,108.81,6.83,87.93,1.61,1.88
99,"Juan
 C Wu",QUI,So,P,3,0,0,0,0,0,23,2.67,0.05,13,9,30.34,10,8,4,13.48,17.39,3,10.13,13.04,0.75,2,1,35.71,27.00,348.08,17.68,227.79,9.32,4.87
99,"Parker
 Mangelsen",QUI,So,P,2,0,0,0,0,0,9,1.67,0.03,7,2,10.78,2,2,2,10.78,22.22,0,0.00,0.00,0.00,0,0,50.00,10.80,139.23,8.17,105.21,2.63,2.40
99,"Riley
 Black",QUI,So,C,1,0,0,0,0,0,2,0.67,0.01,2,1,13.43,0,0,0,0.00,0.00,0,0.00,0.00,#NUM!,0,0,100.00,0.00,0.00,4.57,58.93,-4.57,1.49
4,"Lucas
 Kresin",SPR,Jr,P,14,0,0,0,0,0,125,29.00,0.53,91,26,8.07,15,12,9,2.79,7.20,19,5.90,15.20,2.11,3,3,68.05,3.72,49.82,5.85,78.29,-2.13,1.21
6,"Jaden
 Mathon",SPR,Fr,P,12,6,1,3,0,0,169,30.33,0.55,87,37,10.98,41,33,37,10.98,21.89,36,10.68,21.30,0.97,6,3,52.48,9.79,131.11,8.73,116.81,1.06,2.44
8,"Bryce
 Stenzel",SPR,Fr,P,22,0,0,3,0,0,133,26.33,0.46,70,25,8.55,24,19,20,6.84,15.04,31,10.59,23.31,1.55,4,8,61.18,6.49,86.92,7.39,98.83,-0.90,1.71
9,"Mitch
 Dye",SPR,So,P,2,2,1,0,0,0,38,8.00,0.14,29,14,15.75,8,4,0,0.00,0.00,8,9.00,21.05,#NUM!,0,1,46.67,4.50,60.27,2.95,39.47,1.55,1.75
10,"Trent
 Koehler",SPR,Fr,IF,12,0,3,1,4,0,58,14.00,0.25,31,9,5.79,3,3,5,3.21,8.62,19,12.21,32.76,3.80,1,2,89.04,1.93,25.85,4.29,57.40,-2.36,1.00
11,"Hunter
 Moser",SPR,So,OF,2,0,0,0,0,0,10,2.67,0.05,9,2,6.74,0,0,0,0.00,0.00,1,3.38,10.00,#NUM!,0,0,100.00,0.00,0.00,3.83,51.20,-3.83,0.75
12,"Brant
 Smith",SPR,Fr,P,16,1,2,3,0,0,165,34.67,0.63,91,36,9.35,24,23,24,6.23,14.55,46,11.94,27.88,1.92,2,2,64.19,5.97,79.95,4.92,65.85,1.05,1.73
13,"Trey
 Carter",SPR,Fr,P,3,3,0,1,0,0,53,11.33,0.20,27,11,8.74,7,7,9,7.15,16.98,15,11.91,28.30,1.67,1,1,71.43,5.56,74.46,5.72,76.57,-0.16,1.77
14,"Jacob
 Hager",SPR,Sr,IF,5,0,0,0,0,0,29,4.33,0.08,15,7,14.55,10,10,5,10.39,17.24,5,10.38,17.24,1.00,0,4,37.50,20.77,278.16,8.50,113.76,12.27,2.77
15,"AJ
 Golembiewski",SPR,Jr,P,12,0,2,0,0,0,106,25.33,0.44,67,12,4.26,8,7,15,5.33,14.15,19,6.75,17.92,1.27,1,4,77.70,2.49,33.35,5.84,78.13,-3.35,1.07
17,"Will
 Davidsmeier",SPR,Fr,P,8,4,2,2,0,0,95,19.67,0.35,45,13,5.95,19,12,22,10.07,23.16,20,9.15,21.05,0.91,4,4,59.88,5.49,73.53,9.15,122.45,-3.66,1.78
20,"Payton
 Matthews",SPR,So,OF,1,0,0,0,0,0,7,1.00,0.02,4,3,27.00,1,1,1,9.00,14.29,2,18.00,28.57,2.00,0,0,75.00,9.00,120.53,3.57,47.84,5.43,4.00
22,"Isaiah
 Naylor",SPR,Jr,P,4,0,0,1,1,0,20,4.00,0.07,14,6,13.50,3,3,2,4.50,10.00,4,9.00,20.00,2.00,0,0,62.50,6.75,90.40,4.07,54.53,2.68,2.00
25,"Zane
 Danielson",SPR,Fr,P,12,6,2,2,0,0,173,37.33,0.68,103,35,8.44,34,27,23,5.55,13.29,40,9.64,23.12,1.74,4,3,48.74,6.51,87.19,5.91,79.14,0.60,1.55
26,"Mike
 Sullivan",SPR,Fr,P,10,0,1,0,1,0,48,11.00,0.19,32,7,5.73,5,2,5,4.09,10.42,11,9.00,22.92,2.20,0,0,58.33,1.64,21.96,3.94,52.70,-2.30,1.09
27,"Matthew
 Ulrici",SPR,Fr,P,7,0,1,1,0,0,69,12.67,0.22,47,16,11.37,12,10,10,7.10,14.49,7,4.97,10.14,0.70,0,5,61.29,7.11,95.22,7.02,93.96,0.09,2.05
29,"Logan
 Tabeling",SPR,Jr,P,3,0,1,0,0,0,29,5.00,0.09,14,8,14.40,7,6,4,7.20,13.79,10,18.00,34.48,2.50,0,1,46.15,10.80,144.64,3.57,47.84,7.23,2.40
31,"Grant
 Marshall",SPR,Fr,P,6,2,1,0,0,0,76,16.33,0.29,48,18,9.92,11,11,8,4.41,10.53,16,8.82,21.05,2.00,2,2,67.46,6.06,81.16,6.04,80.89,0.02,1.59
32,"Cody
 Ellis",SPR,Fr,P,2,2,0,1,0,0,32,3.67,0.06,22,11,26.98,13,7,7,17.17,21.88,1,2.45,3.13,0.14,1,1,34.09,17.18,230.08,14.11,188.84,3.07,4.90
33,"Matt
 Miscik",SPR,Fr,P,10,10,2,2,0,0,162,33.33,0.61,90,36,9.72,30,26,29,7.83,17.90,31,8.37,19.14,1.07,4,8,63.80,7.02,94.02,7.61,101.77,-0.59,1.95
34,"Brody
 Logsdon",SPR,So,P,13,0,3,0,2,0,83,17.33,0.30,49,14,7.27,9,3,10,5.19,12.05,21,10.90,25.30,2.10,0,3,66.67,1.56,20.89,4.40,58.90,-2.84,1.38
35,"Chris
 Kustigian",SPR,Jr,OF,1,0,0,0,0,0,14,2.00,0.03,12,6,27.00,4,2,0,0.00,0.00,0,0.00,0.00,#NUM!,2,0,62.50,9.00,120.53,17.57,235.19,-8.57,3.00
37,"Jase
 Daley",SPR,Fr,P,3,0,0,0,0,0,20,2.33,0.04,12,7,27.04,9,8,6,23.18,30.00,0,0.00,0.00,0.00,1,1,39.68,30.86,413.29,19.17,256.50,11.69,5.58
38,"Laine
 Axtetter",SPR,Fr,P,5,0,0,1,0,0,45,7.33,0.13,24,10,12.28,11,10,9,11.05,20.00,6,7.36,13.33,0.67,0,6,56.00,12.27,164.33,9.08,121.47,3.19,2.59
75,"Cole
 Smith",SPR,Fr,P,3,0,0,1,0,0,17,3.00,0.05,11,4,12.00,4,4,3,9.00,17.65,2,6.00,11.76,0.67,0,1,50.00,12.00,160.71,7.24,96.91,4.76,2.33
96,"Nick
 Terrell",SPR,Sr,IF,1,0,0,0,0,0,5,1.00,0.02,4,2,18.00,1,1,0,0.00,0.00,1,9.00,20.00,#NUM!,0,0,50.00,9.00,120.53,2.57,34.46,6.43,2.00
97,"Bryan
 Jubelt",SPR,Fr,P,1,0,0,0,0,0,12,2.00,0.03,7,3,13.50,3,3,2,9.00,16.67,2,9.00,16.67,1.00,0,1,50.00,13.50,180.80,7.07,94.68,6.43,2.50
99,"Jaylen
 Morgan",SPR,So,P,6,4,1,1,0,0,87,20.00,0.35,55,17,7.65,13,10,8,3.60,9.20,17,7.65,19.54,2.12,3,4,64.52,4.50,60.27,6.62,88.65,-2.12,1.25
99,"Blake
 Donnan",SPR,Fr,P,5,5,0,2,0,0,100,18.33,0.32,54,23,11.29,25,21,19,9.33,19.00,20,9.82,20.00,1.05,1,6,49.36,10.31,138.08,7.19,96.26,3.12,2.29
99,"Connor
 McCaleb",SPR,Fr,P,7,2,2,0,1,0,91,18.00,0.32,59,22,11.00,14,8,10,5.00,10.99,14,7.00,15.38,1.40,2,6,68.18,4.00,53.57,7.13,95.42,-3.13,1.78
99,"Gavin
 Craggs",SPR,So,P,5,2,0,2,0,0,46,8.67,0.15,27,9,9.34,13,10,12,12.46,26.09,7,7.27,15.22,0.58,0,0,38.10,10.38,139.01,7.11,95.18,3.27,2.42
99,"KJ
 Baker",SPR,So,P,2,2,0,1,0,0,26,6.33,0.11,18,5,7.11,2,2,2,2.84,7.69,5,7.11,19.23,2.50,0,1,75.00,2.84,38.03,4.42,59.11,-1.58,1.11
99,"Brendan
 Strenke",SPR,Fr,P,6,0,0,0,0,0,34,5.67,0.10,18,11,17.46,8,6,7,11.11,20.59,7,11.12,20.59,1.00,1,1,62.50,9.53,127.63,8.63,115.50,0.90,3.17
99,"Patrick
 Graham",SPR,Fr,IF,2,0,0,0,1,0,17,4.00,0.07,11,1,2.25,1,1,3,6.75,17.65,2,4.50,11.76,0.67,1,0,115.38,2.25,30.13,9.07,121.44,-6.82,1.00
99,"Nolan
 Self",SPR,So,C,1,0,0,0,0,0,10,2.00,0.03,7,2,9.00,2,1,1,4.50,10.00,2,9.00,20.00,2.00,0,0,33.33,4.50,60.27,4.07,54.53,0.43,1.50
99,"Matthew
 Cruise",SPR,Fr,P,1,1,0,0,0,0,11,1.67,0.03,6,2,10.78,2,2,2,10.78,18.18,0,0.00,0.00,0.00,0,3,71.43,10.80,144.64,13.56,181.42,-2.76,2.40
99,"Ty
 Rhoades",SPR,Fr,IF,1,0,0,0,0,0,2,0.00,0.00,0,0,0.00,2,2,2,#NUM!,100.00,0,0.00,0.00,0.00,0,0,0.00,,0.00,#DIV/0!,#DIV/0!,#DIV/0!,#NUM!
1,"Blake
 Mincey",TER,So,P,2,0,0,1,1,0,24,6.00,0.10,16,3,4.50,5,5,3,4.50,12.50,5,7.50,20.83,1.67,0,0,16.67,7.50,120.32,4.41,70.66,3.09,1.00
4,"Jayson
 Cottrell",TER,Fr,P,2,0,0,0,0,0,25,5.00,0.08,16,5,9.00,4,4,7,12.60,28.00,2,3.60,8.00,0.29,0,0,66.67,7.20,115.50,7.97,127.83,-0.77,2.40
5,"CJ
 O'Dell",TER,Fr,P,14,5,2,2,0,0,173,37.33,0.65,119,28,6.75,19,17,25,6.03,14.45,14,3.38,8.09,0.56,3,12,75.66,4.10,65.77,7.84,125.72,-3.74,1.42
6,"Blake
 Nigg",TER,Jr,P,2,2,0,1,0,0,49,8.00,0.14,34,16,18.00,18,15,7,7.88,14.29,4,4.50,8.16,0.57,2,2,31.53,16.88,270.79,10.20,163.50,6.68,2.88
9,"Clay
 Hendry",TER,So,P,9,2,2,1,1,0,127,27.67,0.49,92,27,8.78,14,11,14,4.55,11.02,19,6.18,14.96,1.36,1,1,68.97,3.58,57.43,5.30,84.92,-1.72,1.48
11,"Tanner
 Perry",TER,So,P,1,1,0,0,0,0,13,3.00,0.05,9,3,9.00,0,0,0,0.00,0.00,3,9.00,23.08,#NUM!,0,1,100.00,0.00,0.00,3.57,57.30,-3.57,1.00
15,"Kaleb
 Marrs",TER,Fr,P,8,2,2,2,0,0,98,21.33,0.37,66,19,8.02,9,9,17,7.17,17.35,13,5.48,13.27,0.76,1,1,78.65,3.80,60.96,6.50,104.14,-2.70,1.69
17,"Derek
 Lebron",TER,Fr,P,12,1,0,0,0,0,73,10.00,0.18,31,11,9.90,25,21,28,25.20,38.36,8,7.20,10.96,0.29,0,6,44.44,18.90,303.19,13.17,211.19,5.73,3.90
19,"Tripper
 Capps",TER,Jr,IF,1,0,0,1,0,0,10,2.00,0.03,5,1,4.50,1,0,3,13.50,30.00,2,9.00,20.00,0.67,0,0,75.00,0.00,0.00,7.07,113.40,-7.07,2.00
20,"Evan
 Price",TER,Fr,P,1,1,0,0,0,0,26,5.00,0.08,19,9,16.20,4,2,4,7.20,15.38,3,5.40,11.54,0.75,0,0,69.23,3.60,57.75,5.77,92.57,-2.17,2.60
23,"Nazhir
 Bergen",TER,Fr,OF,1,0,1,0,0,0,5,1.00,0.02,4,2,18.00,2,2,0,0.00,0.00,0,0.00,0.00,#NUM!,0,1,33.33,18.00,288.76,7.57,121.42,10.43,2.00
24,"Xavier
 Croxton",TER,Jr,OF,1,0,0,0,0,0,8,1.00,0.02,5,3,27.00,1,1,2,18.00,25.00,1,9.00,12.50,0.50,0,0,80.00,9.00,144.38,8.57,137.45,0.43,5.00
26,"Brayden
 Lybarger",TER,So,P,4,2,0,1,0,0,44,6.67,0.12,22,11,14.84,16,14,12,16.19,27.27,8,10.80,18.18,0.67,0,2,36.00,18.90,303.19,8.47,135.82,10.43,3.45
28,"Alex
 Marx",TER,So,C,1,0,0,0,0,0,4,0.33,0.01,1,1,27.27,3,3,3,81.82,75.00,0,0.00,0.00,0.00,0,0,25.00,81.00,1299.40,31.85,510.50,49.15,12.12
29,"Warren
 Bailey",TER,Jr,C,1,0,0,0,0,0,15,3.00,0.05,9,1,3.00,1,1,0,0.00,0.00,2,6.00,13.33,#NUM!,1,3,115.38,3.00,48.13,10.57,169.51,-7.57,0.33
30,"Nathan
 Frady",TER,Fr,P,2,2,0,0,0,0,56,12.00,0.21,45,13,9.75,7,7,5,3.75,8.93,3,2.25,5.36,0.60,1,2,69.89,5.25,84.22,6.91,110.73,-1.66,1.50
32,"Carter
 Murphy",TER,Fr,IF,1,0,0,0,0,0,6,1.00,0.02,3,2,18.00,1,1,1,9.00,16.67,2,18.00,33.33,2.00,0,0,66.67,9.00,144.38,3.57,57.30,5.43,3.00
33,"Clayton
 Weisheit",TER,Fr,P,2,2,2,0,0,0,46,10.00,0.18,22,9,8.10,3,3,7,6.30,15.22,17,15.30,36.96,2.43,0,0,81.25,2.70,43.31,3.27,52.49,-0.57,1.60
34,"Sam
 Pesa",TER,So,IF,3,0,0,0,0,0,26,2.67,0.05,16,10,33.71,14,13,5,16.85,19.23,1,3.38,3.85,0.20,0,4,26.32,43.88,703.92,13.94,223.42,29.94,5.62
37,"Morgan
 Colopy",TER,Jr,OF,1,0,0,0,0,0,7,0.67,0.01,3,2,26.87,2,2,3,40.30,42.86,1,13.50,14.29,0.33,0,0,60.00,27.00,433.13,15.02,240.80,11.98,7.46
72,"Bryce
 Martens",TER,So,P,7,0,0,2,0,0,52,10.67,0.19,34,15,12.65,11,11,6,5.06,11.54,9,7.59,17.31,1.50,2,1,57.29,9.28,148.87,7.29,116.90,1.99,1.97
73,"Cade
 Rusch",TER,Fr,P,10,0,0,0,0,0,46,5.67,0.10,24,10,15.87,16,12,18,28.57,39.13,1,1.59,2.17,0.06,0,3,48.39,19.06,305.76,15.33,245.78,3.73,4.94
74,"Casey
 Henry",TER,Jr,P,4,4,1,1,0,0,89,21.00,0.37,59,13,5.57,9,9,15,6.43,16.85,12,5.14,13.48,0.80,1,2,73.43,3.86,61.92,6.48,103.86,-2.62,1.33
74,"Donnie
 Dycus",TER,Fr,P,11,0,1,2,2,0,84,16.33,0.29,57,23,12.68,11,9,14,7.72,16.67,9,4.96,10.71,0.64,1,3,75.13,4.96,79.57,7.39,118.48,-2.43,2.27
75,"Caleb
 Hohman",TER,Fr,OF,4,1,0,2,0,0,35,7.33,0.13,27,9,11.05,9,9,4,4.91,11.43,3,3.68,8.57,0.75,1,0,34.48,11.05,177.26,7.17,114.88,3.88,1.77
75,"Oscar
 Welsh",TER,Fr,P,2,0,0,0,0,0,13,2.67,0.05,10,2,6.74,4,4,0,0.00,0.00,2,6.75,15.38,#NUM!,0,1,-33.33,13.50,216.57,4.20,67.33,9.30,0.75
76,"Dawson
 Smith",TER,So,P,3,3,1,0,0,0,64,18.00,0.32,38,7,3.50,4,4,5,2.50,7.81,19,9.50,29.69,3.80,2,0,86.96,2.00,32.08,4.74,76.00,-2.74,0.67
76,"Jeremy
 Piatkiewicz",TER,Jr,IF,4,0,0,0,1,0,25,6.33,0.11,21,5,7.11,3,3,1,1.42,4.00,3,4.26,12.00,3.00,0,0,50.00,4.26,68.34,4.10,65.73,0.16,0.95
77,"Camden
 Karczewski",TER,So,C,3,0,0,0,0,0,25,5.00,0.08,16,6,10.80,2,2,0,0.00,0.00,6,10.80,24.00,#NUM!,0,3,77.78,3.60,57.75,3.97,63.71,-0.37,1.20
79,"Connor
 Brady",TER,Fr,P,5,4,1,1,0,0,86,19.00,0.33,64,20,9.47,12,11,12,5.68,13.95,7,3.32,8.14,0.58,2,1,69.54,5.21,83.58,7.26,116.36,-2.05,1.68
79,"Eric
 Cunning",TER,Fr,P,5,4,0,1,0,0,78,13.67,0.24,57,23,15.14,22,19,12,7.90,15.38,6,3.95,7.69,0.50,1,2,42.13,12.51,200.69,7.72,123.75,4.79,2.56
80,"Zacheus
 Carr",TER,Jr,P,1,1,1,0,0,0,24,5.33,0.09,9,5,8.44,4,4,2,3.38,8.33,9,15.19,37.50,4.50,1,3,69.77,6.75,108.28,6.45,103.41,0.30,1.31
81,"Landon
 Carr",TER,Fr,P,7,4,1,1,1,1,111,24.00,0.42,71,20,7.50,22,20,18,6.75,16.22,17,6.38,15.32,0.94,4,1,50.90,7.50,120.32,7.70,123.42,-0.20,1.58
82,"Justin
 Bogard",TER,Fr,OF,3,1,0,1,0,0,33,8.33,0.15,27,6,6.48,3,3,2,2.16,6.06,3,3.24,9.09,1.50,0,1,66.67,3.24,51.98,4.93,79.10,-1.69,0.96
83,"Damon
 Cox",TER,Jr,P,3,0,0,1,0,0,27,4.33,0.07,10,4,8.31,11,11,10,20.79,37.04,5,10.38,18.52,0.50,1,1,29.41,22.85,366.56,12.89,206.60,9.96,3.23
89,"Jean
 Gonzalez",TER,Jr,IF,2,0,0,0,0,0,21,4.67,0.08,14,5,9.64,3,3,2,3.85,9.52,3,5.79,14.29,1.50,1,1,75.76,5.79,92.88,8.00,128.25,-2.21,1.50
90,"Payton
 Adkisson",TER,So,P,18,3,1,4,0,0,135,22.33,0.39,96,45,18.14,39,28,13,5.24,9.63,15,6.04,11.11,1.15,5,6,43.86,11.28,180.95,8.69,139.37,2.59,2.60
90,"Greg
 Wiley",TER,So,P,4,4,0,2,0,0,80,14.67,0.26,44,18,11.04,17,17,17,10.43,21.25,14,8.59,17.50,0.82,3,2,60.98,10.43,167.32,9.21,147.63,1.22,2.39
91,"Tyce
 Ochs",TER,So,P,8,3,1,1,1,0,99,23.33,0.41,55,19,7.33,8,8,9,3.47,9.09,31,11.96,31.31,3.44,0,4,75.00,3.09,49.57,3.59,57.53,-0.50,1.20
91,"Nolan
 Miller",TER,So,P,6,0,1,2,0,0,55,10.00,0.18,42,14,12.60,14,11,7,6.30,12.73,5,4.50,9.09,0.71,0,1,36.36,9.90,158.82,5.97,95.77,3.93,2.10
94,"Jonathon
 Hanscom",TER,Jr,P,2,0,0,0,0,0,45,10.00,0.18,30,12,10.80,8,8,3,2.70,6.67,10,9.00,22.22,3.33,0,2,52.94,7.20,115.50,4.07,65.32,3.13,1.50
96,"Dominic
 Gill",TER,Fr,P,9,3,0,2,0,0,113,23.00,0.40,80,26,10.17,22,17,15,5.87,13.27,15,5.87,13.27,1.00,1,2,50.48,6.65,106.68,6.05,97.03,0.60,1.78
98,"Diego
 Cardenas",TER,So,P,5,0,0,0,0,0,31,6.00,0.10,20,6,9.00,6,6,5,7.50,16.13,4,6.00,12.90,0.80,0,2,53.85,9.00,144.38,6.74,108.06,2.26,1.83
99,"Cory
 Wolter",TER,So,P,1,0,0,0,1,0,4,1.00,0.02,4,1,9.00,0,0,0,0.00,0.00,0,0.00,0.00,#NUM!,0,0,100.00,0.00,0.00,4.57,73.33,-4.57,1.00
2,"Levin
 East",THR,Fr,P,2,1,0,1,0,0,18,3.00,0.05,8,4,12.00,7,7,3,9.00,16.67,4,12.00,22.22,1.33,0,3,30.00,21.00,319.92,7.91,120.38,13.09,2.33
5,"Ben
 Eisenhauer",THR,So,P,14,1,1,2,0,0,107,21.33,0.39,67,27,11.39,23,22,14,5.91,13.08,18,7.59,16.82,1.29,3,5,55.02,9.28,141.37,7.39,112.46,1.89,1.92
6,"Kaleb
 Herbert",THR,So,IF,1,0,0,0,0,0,4,0.67,0.01,4,2,26.87,1,1,0,0.00,0.00,0,0.00,0.00,#NUM!,0,0,50.00,13.50,205.66,4.57,69.64,8.93,2.99
9,"Logan
 Mueller",THR,Fr,P,14,0,4,0,3,0,98,21.00,0.38,60,27,11.57,17,17,8,3.43,8.16,27,11.57,27.55,3.38,2,1,57.23,7.29,111.06,4.53,68.91,2.76,1.67
12,"Noah
 Willingham",THR,So,P,5,2,0,1,0,0,62,13.33,0.24,40,15,10.13,14,13,4,2.70,6.45,10,6.75,16.13,2.50,4,4,51.72,8.78,133.76,8.78,133.59,0.00,1.43
14,"Chase
 Austin",THR,Fr,IF,1,0,0,0,0,0,9,0.33,0.01,6,5,136.36,8,8,2,54.55,22.22,0,0.00,0.00,0.00,0,1,0.00,216.00,3290.60,31.85,484.80,184.15,21.21
17,"Shane
 Wilhelm",THR,Sr,P,8,4,2,2,0,0,130,26.33,0.48,95,34,11.62,27,22,13,4.44,10.00,15,5.13,11.54,1.15,1,6,50.39,7.52,114.56,6.09,92.76,1.43,1.79
18,"Nick
 Oyster",THR,So,P,6,5,2,0,0,0,104,26.33,0.48,79,23,7.86,11,9,11,3.76,10.58,12,4.10,11.54,1.09,1,1,71.43,3.08,46.92,5.52,84.09,-2.44,1.29
19,"James
 Cravens",THR,Fr,P,8,4,1,0,0,0,84,17.00,0.31,56,18,9.53,10,10,12,6.35,14.29,10,5.29,11.90,0.83,1,5,74.40,5.29,80.59,7.16,109.04,-1.87,1.76
21,"Kale
 Cameron",THR,Fr,P,11,2,2,1,0,0,132,28.00,0.51,90,34,10.93,16,13,14,4.50,10.61,21,6.75,15.91,1.50,2,5,73.71,4.18,63.68,6.04,91.93,-1.86,1.71
22,"Preston
 Drebes",THR,Fr,P,14,1,5,2,0,0,132,26.67,0.48,73,26,8.77,25,24,19,6.41,14.39,28,9.45,21.21,1.47,2,10,57.47,8.10,123.40,6.71,102.17,1.39,1.69
26,"Ben
 Vaughn",THR,Fr,P,7,0,0,0,0,0,34,6.67,0.12,23,8,10.79,6,5,6,8.10,17.65,3,4.05,8.82,0.50,1,1,66.18,6.75,102.83,8.77,133.54,-2.02,2.10
30,"Scott
 Wood",THR,So,P,12,9,3,2,0,1,179,42.33,0.77,104,37,7.87,26,23,14,2.98,7.82,49,10.42,27.37,3.50,9,3,67.63,4.89,74.50,6.23,94.81,-1.34,1.20
32,"Tyler
 Yotkewich",THR,Jr,P,3,3,2,0,0,0,58,14.33,0.26,37,10,6.28,10,6,1,0.63,1.72,17,10.67,29.31,17.00,0,3,28.57,3.77,57.43,3.04,46.27,0.73,0.77
33,"Ryan
 Daly",THR,Jr,P,11,11,3,2,0,0,226,55.33,1.01,124,45,7.32,29,28,20,3.25,8.85,73,11.87,32.30,3.65,7,2,66.43,4.55,69.32,4.77,72.66,-0.22,1.17
37,"Hunter
 Ralls",THR,Sr,P,6,4,1,2,0,0,96,22.00,0.40,76,33,13.50,19,13,4,1.64,4.17,15,6.14,15.63,3.75,0,1,50.00,5.32,81.02,3.89,59.26,1.43,1.68
38,"Michael
 Pfeiffer",THR,Fr,P,4,3,0,1,0,0,49,10.00,0.18,35,12,10.80,7,7,6,5.40,12.24,6,5.40,12.24,1.00,1,1,68.18,6.30,95.98,6.77,103.13,-0.47,1.80
39,"Nathan
 Ball",THR,Sr,P,17,0,2,0,5,0,91,19.67,0.36,34,10,4.58,5,5,22,10.07,24.18,32,14.64,35.16,1.45,0,3,85.71,2.29,34.89,5.13,78.15,-2.84,1.63
40,"Zach
 Haygood",THR,So,P,13,0,2,0,0,0,86,22.00,0.40,57,15,6.14,10,9,5,2.05,5.81,21,8.59,24.42,4.20,1,2,58.25,3.68,56.06,4.21,64.10,-0.53,0.91
42,"Austin
 Gast",THR,So,P,11,0,0,2,1,0,63,13.67,0.25,34,10,6.58,14,12,11,7.24,17.46,16,10.54,25.40,1.45,2,0,38.46,7.90,120.35,6.55,99.70,1.35,1.54
99,"Jackson
 Kranawetter",THR,Fr,P,5,3,3,0,0,0,77,18.00,0.33,41,11,5.50,5,2,11,5.50,14.29,24,12.00,31.17,2.18,0,1,78.26,1.00,15.23,3.91,59.49,-2.91,1.22
99,"Karsten
 Stotlar",THR,So,P,7,0,0,0,0,0,64,12.67,0.23,47,23,16.34,11,10,6,4.26,9.38,11,7.82,17.19,1.83,0,0,62.07,7.11,108.32,4.26,64.83,2.85,2.29
99,"Matthew
 Derrick",THR,Fr,P,6,1,1,1,0,0,51,10.00,0.18,30,10,9.00,11,10,7,6.30,13.73,8,7.20,15.69,1.14,1,5,53.40,9.00,137.11,7.87,119.87,1.13,1.70
99,"Roman
 Harrison",THR,Fr,P,6,0,0,1,4,0,36,8.00,0.15,23,7,7.88,5,3,6,6.75,16.67,7,7.88,19.44,1.17,0,0,61.54,3.38,51.49,5.07,77.25,-1.69,1.62
99,"Eli
 Pillsbury",THR,Fr,P,6,0,0,1,0,0,40,6.00,0.11,16,7,10.50,13,12,14,21.00,35.00,8,12.00,20.00,0.57,0,2,43.48,18.00,274.22,9.91,150.83,8.09,3.50
99,"Ethan
 Ames",THR,Fr,P,1,1,0,0,0,0,14,2.67,0.05,8,5,16.85,2,2,3,10.11,21.43,2,6.75,14.29,0.67,1,0,90.91,6.75,102.83,11.32,172.26,-4.57,3.00
-,TOTALS,-,-,-,"3,384",954,466,472,168,0,37755,7829.30,0.26,23317,"8,502",9.77,"6,398","5,413","5,157",5.93,13.66,"7,428",8.54,19.67,1.44,651,1202,60.67,6.19,100.00,6.19,100.00,0.00,1.74
